source,target,weight
1,70,2
1,149,1
1,153,1
1,197,1
1,233,1
1,281,2
1,393,1
1,417,1
1,456,7
1,472,2
1,481,1
1,530,1
1,541,1
1,555,2
2,4,4
2,19,2
2,34,11
2,39,1
2,46,11
2,74,1
2,83,5
2,105,1
2,126,5
2,147,1
2,221,5
2,241,1
2,264,7
2,269,3
2,273,2
2,296,2
2,301,2
2,310,22
2,317,12
2,363,5
2,385,20
2,388,6
2,477,1
2,504,2
2,526,1
2,548,11
2,553,46
3,62,6
3,251,1
3,276,10
3,372,1
3,463,1
3,500,1
3,503,2
3,554,1
3,556,33
4,2,1
4,19,2
4,21,1
4,34,4
4,46,8
4,58,2
4,79,1
4,126,1
4,185,1
4,196,1
4,221,2
4,264,2
4,269,1
4,309,1
4,310,2
4,317,9
4,360,1
4,363,4
4,385,10
4,388,8
4,438,1
4,454,1
4,548,7
4,553,33
5,62,2
5,82,4
5,223,1
5,251,3
5,258,1
5,276,12
5,278,1
5,383,1
5,463,1
5,485,1
5,499,1
5,554,4
5,556,15
7,7,7
7,18,3
7,132,1
7,158,1
7,195,3
7,218,1
7,281,2
7,419,1
7,471,1
7,501,1
7,515,3
7,530,1
7,541,1
7,546,11
7,555,5
9,9,2
9,97,1
9,103,1
9,131,1
9,145,1
9,227,2
9,251,1
9,273,1
9,287,11
9,393,1
9,395,2
9,425,1
9,460,1
9,510,1
9,543,1
9,545,2
9,551,6
9,557,9
10,28,1
10,42,1
10,62,2
10,87,1
10,127,1
10,177,1
10,199,1
10,276,8
10,284,1
10,319,1
10,399,1
10,443,1
10,476,2
10,481,1
10,499,2
10,503,1
10,504,2
10,527,1
10,556,35
12,308,1
12,317,1
12,506,2
12,551,6
12,557,1
13,248,2
13,412,1
13,502,2
13,552,11
14,25,2
14,47,14
14,55,1
14,78,5
14,84,5
14,86,7
14,127,4
14,137,2
14,152,12
14,194,1
14,216,1
14,220,1
14,225,6
14,248,3
14,252,1
14,256,3
14,267,1
14,307,4
14,343,2
14,344,7
14,353,3
14,361,1
14,372,1
14,397,3
14,405,6
14,411,3
14,436,3
14,497,3
14,513,1
14,549,51
14,552,33
15,393,1
16,62,1
16,84,1
16,113,1
16,143,7
16,153,4
16,227,1
16,256,1
16,272,4
16,273,1
16,281,3
16,282,5
16,327,2
16,353,2
16,395,1
16,406,1
16,429,1
16,456,2
16,503,1
16,523,4
16,530,1
16,546,4
16,547,20
16,555,11
18,7,2
18,16,1
18,18,4
18,37,1
18,48,1
18,54,1
18,112,1
18,134,2
18,139,1
18,258,1
18,272,1
18,281,3
18,399,1
18,471,1
18,489,2
18,515,1
18,523,1
18,546,2
18,555,4
19,2,5
19,4,3
19,21,3
19,34,2
19,46,13
19,58,2
19,60,1
19,79,1
19,83,3
19,105,1
19,126,7
19,185,1
19,196,1
19,220,1
19,221,8
19,241,1
19,264,19
19,273,1
19,279,2
19,310,7
19,317,4
19,331,1
19,363,1
19,385,8
19,388,1
19,451,1
19,548,2
19,553,24
20,9,1
20,22,6
20,34,1
20,66,1
20,130,4
20,158,9
20,178,1
20,194,2
20,220,1
20,222,2
20,227,18
20,263,6
20,269,1
20,287,1
20,295,2
20,297,3
20,308,1
20,311,1
20,374,1
20,395,4
20,425,13
20,438,4
20,456,1
20,462,1
20,465,1
20,476,1
20,545,1
20,548,1
20,551,26
20,557,7
21,19,1
21,126,1
21,196,1
21,241,3
21,362,3
21,451,1
21,548,2
21,553,68
22,97,2
22,131,2
22,152,1
22,158,1
22,203,5
22,227,1
22,263,3
22,297,3
22,395,1
22,425,2
22,505,1
22,506,1
22,543,2
22,545,16
22,551,87
22,557,2
23,62,3
23,87,1
23,107,2
23,112,1
23,170,1
23,197,1
23,228,1
23,233,1
23,237,3
23,251,8
23,276,23
23,284,2
23,336,2
23,406,2
23,409,1
23,453,1
23,463,9
23,476,1
23,478,1
23,481,2
23,485,3
23,493,1
23,500,1
23,503,11
23,527,2
23,554,3
23,556,25
24,425,1
24,550,6
25,55,1
25,78,1
25,121,1
25,127,4
25,152,3
25,212,1
25,252,1
25,343,1
25,397,1
25,436,1
25,549,1
25,552,12
26,152,1
26,177,1
26,220,1
26,225,1
26,256,1
26,267,1
26,307,1
26,343,1
26,361,1
26,372,2
26,411,6
26,436,1
26,552,15
27,62,2
27,276,2
27,443,2
27,554,1
27,556,3
28,5,4
28,23,1
28,27,1
28,37,1
28,42,1
28,62,24
28,82,27
28,87,6
28,99,3
28,107,3
28,112,2
28,157,1
28,164,1
28,169,3
28,170,1
28,180,3
28,183,2
28,189,1
28,197,9
28,228,6
28,233,10
28,237,1
28,251,11
28,258,10
28,266,5
28,276,22
28,284,8
28,296,1
28,330,3
28,336,2
28,353,1
28,383,5
28,406,5
28,409,6
28,453,2
28,463,10
28,476,8
28,481,1
28,485,13
28,486,1
28,488,1
28,493,1
28,500,1
28,503,20
28,517,6
28,554,8
28,556,46
29,29,5
29,54,2
29,134,1
29,211,1
29,327,1
29,456,2
29,472,3
29,484,1
29,530,1
29,541,1
29,546,3
29,555,5
32,45,1
32,69,2
32,173,1
32,550,5
33,269,1
33,541,1
33,546,1
33,555,4
34,2,3
34,4,2
34,19,1
34,21,7
34,34,44
34,39,1
34,46,13
34,58,1
34,67,1
34,74,1
34,83,5
34,95,2
34,126,3
34,220,1
34,221,9
34,241,7
34,263,2
34,264,5
34,269,14
34,273,2
34,296,3
34,301,1
34,309,4
34,310,6
34,317,26
34,362,1
34,385,14
34,388,12
34,431,1
34,539,1
34,548,39
34,553,52
35,54,2
35,456,1
35,541,3
35,546,1
35,555,3
36,160,2
36,456,1
36,541,1
36,546,1
36,555,5
37,18,1
37,143,1
37,211,1
37,281,1
37,369,1
37,396,1
37,541,1
37,555,6
38,53,2
38,145,1
38,201,3
38,220,1
38,222,1
38,545,2
38,551,28
39,21,10
39,46,2
39,77,1
39,105,2
39,140,3
39,177,1
39,185,1
39,221,6
39,241,1
39,264,1
39,273,1
39,301,5
39,309,2
39,317,2
39,333,1
39,360,1
39,363,3
39,388,4
39,477,4
39,504,7
39,512,1
39,539,1
39,548,3
39,553,43
41,104,1
41,550,4
42,7,1
42,62,13
42,87,1
42,99,1
42,103,1
42,112,1
42,164,5
42,169,1
42,197,7
42,199,1
42,223,2
42,233,6
42,251,26
42,258,3
42,276,26
42,278,1
42,284,1
42,319,4
42,383,1
42,406,2
42,452,1
42,478,6
42,481,9
42,485,1
42,486,1
42,488,2
42,493,1
42,499,1
42,501,1
42,503,16
42,517,2
42,554,4
42,556,51
43,62,8
43,107,1
43,157,1
43,180,4
43,183,1
43,233,1
43,237,4
43,251,4
43,276,4
43,383,1
43,406,1
43,453,1
43,463,1
43,485,1
43,488,1
43,499,1
43,554,2
43,556,31
44,143,1
44,327,1
44,448,2
44,547,1
44,555,2
45,24,1
45,32,2
45,45,5
45,49,5
45,59,2
45,62,1
45,65,1
45,69,33
45,71,10
45,104,2
45,115,10
45,151,9
45,166,6
45,173,4
45,193,4
45,242,1
45,243,4
45,251,1
45,291,1
45,305,7
45,318,7
45,332,2
45,344,1
45,358,10
45,372,1
45,377,9
45,382,3
45,425,1
45,426,9
45,474,1
45,519,6
45,529,1
45,532,2
45,537,1
45,538,1
45,544,23
45,550,84
46,4,1
46,19,1
46,21,1
46,34,1
46,221,3
46,264,1
46,269,1
46,279,1
46,310,1
46,317,2
46,385,5
46,388,4
46,454,1
46,548,13
46,553,24
47,14,7
47,25,1
47,47,1
47,62,1
47,86,1
47,118,3
47,121,3
47,127,1
47,152,4
47,177,1
47,220,1
47,227,1
47,248,1
47,251,2
47,257,1
47,322,1
47,329,1
47,343,2
47,344,1
47,353,2
47,361,2
47,396,1
47,397,2
47,405,2
47,436,1
47,549,4
47,552,35
48,16,1
48,54,3
48,195,1
48,456,3
48,546,4
49,45,3
49,49,37
49,65,1
49,69,2
49,71,62
49,73,1
49,104,1
49,115,7
49,129,2
49,193,2
49,243,11
49,280,2
49,305,1
49,341,1
49,406,1
49,426,4
49,474,17
49,532,2
49,537,1
49,544,14
49,550,44
50,546,2
50,555,1
51,429,1
51,555,2
52,18,1
52,54,5
52,110,1
52,134,6
52,149,1
52,327,2
52,396,1
52,455,2
52,456,1
52,471,2
52,541,2
52,546,29
52,555,129
53,38,1
53,79,1
53,97,3
53,135,1
53,153,1
53,158,3
53,227,1
53,232,1
53,234,3
53,263,6
53,287,1
53,297,1
53,300,1
53,355,1
53,390,1
53,425,1
53,533,1
53,545,3
53,551,15
54,36,2
54,132,1
54,149,1
54,211,3
54,270,2
54,281,1
54,369,1
54,429,3
54,437,1
54,468,1
54,471,2
54,472,1
54,475,1
54,489,1
54,523,2
54,530,1
54,541,5
54,546,7
54,555,269
55,14,17
55,25,2
55,84,7
55,86,5
55,93,1
55,121,1
55,127,7
55,137,1
55,152,15
55,216,3
55,220,3
55,248,8
55,252,1
55,256,1
55,273,4
55,307,1
55,343,7
55,344,3
55,372,1
55,397,2
55,405,3
55,476,1
55,497,5
55,549,3
55,552,71
56,177,1
56,281,1
56,440,1
56,471,1
56,551,2
57,62,3
57,87,1
57,107,2
57,141,2
57,251,11
57,276,12
57,478,2
57,499,1
57,503,1
57,556,18
58,4,1
58,34,2
58,46,4
58,126,3
58,196,1
58,269,1
58,310,1
58,317,1
58,367,7
58,385,2
58,388,1
58,504,2
58,548,5
58,553,14
59,41,1
59,45,1
59,358,1
59,382,1
59,550,3
60,310,1
60,553,3
61,83,1
61,126,1
61,220,2
61,248,1
61,296,5
61,300,4
62,10,1
62,42,1
62,62,1
62,141,1
62,223,2
62,251,2
62,258,1
62,276,15
62,463,2
62,476,1
62,493,2
62,499,2
62,517,2
62,554,10
62,556,69
63,237,1
63,276,1
63,554,1
64,382,1
64,474,1
65,49,1
65,65,2
65,71,1
65,358,4
65,459,1
65,474,6
65,519,1
65,550,18
66,9,1
66,130,2
66,131,1
66,158,3
66,178,1
66,204,1
66,234,1
66,274,1
66,287,1
66,297,6
66,308,2
66,323,1
66,392,1
66,395,2
66,421,1
66,434,2
66,438,8
66,531,1
66,545,2
66,551,28
66,557,11
67,46,1
67,58,2
67,273,3
67,512,3
67,553,13
68,14,1
68,121,8
68,127,1
68,152,2
68,194,3
68,248,1
68,353,6
68,361,1
68,549,2
68,552,18
69,45,3
69,104,1
69,148,3
69,151,7
69,332,2
69,358,14
69,382,1
69,459,1
69,474,2
69,519,50
69,544,15
69,550,30
70,54,2
70,70,2
70,143,2
70,153,1
70,218,1
70,327,1
70,419,1
70,456,1
70,467,1
70,501,1
70,515,1
70,516,1
70,546,6
70,555,103
71,49,1
71,69,1
71,71,3
71,73,1
71,98,3
71,104,2
71,115,2
71,193,1
71,332,1
71,352,1
71,377,1
71,474,10
71,537,1
71,544,1
71,550,18
72,276,1
73,73,1
73,148,4
73,377,1
73,550,21
74,21,1
74,74,15
74,95,1
74,140,1
74,147,9
74,191,1
74,263,1
74,296,2
74,363,1
74,480,1
74,504,1
74,511,2
74,512,1
74,548,1
74,553,49
76,62,9
76,82,1
76,141,1
76,174,1
76,233,2
76,276,7
76,336,1
76,476,1
76,478,1
76,486,1
76,493,2
76,554,3
76,556,15
77,21,2
77,74,2
77,77,13
77,147,1
77,191,3
77,241,1
77,309,1
77,333,15
77,335,1
77,512,1
77,553,22
78,25,1
78,55,1
78,78,1
78,121,2
78,127,2
78,137,1
78,144,1
78,152,3
78,194,2
78,220,5
78,248,1
78,256,2
78,372,1
78,397,3
78,549,1
78,552,33
79,97,1
79,256,1
79,355,1
79,545,1
79,551,7
81,22,6
81,347,1
81,392,1
81,551,14
81,557,1
82,28,1
82,62,7
82,107,1
82,112,1
82,189,2
82,197,1
82,199,1
82,228,1
82,251,2
82,258,2
82,276,36
82,284,1
82,409,1
82,485,5
82,488,1
82,503,2
82,554,3
82,556,18
83,2,1
83,34,28
83,46,2
83,67,1
83,83,1
83,97,2
83,197,1
83,199,1
83,241,1
83,251,1
83,263,2
83,264,1
83,309,1
83,310,2
83,317,4
83,360,1
83,385,5
83,388,1
83,451,2
83,548,3
83,553,8
84,14,2
84,47,1
84,55,2
84,78,3
84,121,4
84,127,5
84,137,2
84,152,4
84,153,1
84,182,1
84,220,3
84,225,5
84,248,5
84,257,1
84,267,5
84,273,1
84,307,2
84,322,1
84,343,6
84,353,1
84,361,1
84,397,2
84,400,1
84,411,2
84,436,2
84,480,1
84,484,1
84,497,2
84,549,4
84,552,9
86,14,6
86,25,2
86,47,2
86,55,4
86,78,2
86,84,8
86,121,3
86,127,4
86,152,12
86,194,1
86,220,5
86,225,3
86,248,4
86,256,1
86,257,1
86,267,16
86,307,2
86,322,2
86,329,2
86,343,3
86,361,7
86,372,1
86,394,1
86,397,1
86,411,1
86,436,1
86,496,1
86,513,1
86,549,8
86,552,34
87,27,1
87,62,5
87,82,1
87,87,1
87,99,1
87,112,3
87,169,3
87,233,1
87,251,5
87,276,18
87,330,1
87,347,1
87,383,1
87,409,1
87,418,1
87,463,1
87,478,1
87,481,2
87,485,2
87,503,2
87,554,2
87,556,38
88,16,1
88,555,1
89,12,1
89,43,1
89,79,1
89,141,2
89,276,2
89,284,1
89,330,1
89,481,1
89,499,1
89,500,1
89,503,6
89,556,5
90,47,2
90,55,1
90,86,1
90,127,3
90,152,4
90,220,3
90,248,6
90,252,1
90,256,22
90,343,1
90,549,2
90,552,9
91,49,5
91,71,14
91,98,1
91,104,1
91,148,1
91,173,1
91,352,1
91,474,8
91,519,10
91,550,30
92,49,1
92,69,8
92,71,1
92,92,1
92,115,3
92,148,1
92,151,31
92,198,1
92,226,1
92,280,4
92,364,1
92,384,41
92,426,91
92,474,53
92,519,37
92,532,1
92,537,1
92,538,32
92,544,75
92,550,115
93,14,1
93,127,1
93,220,1
93,252,1
93,372,1
93,549,1
93,552,1
94,48,2
94,54,1
94,62,1
94,94,31
94,143,1
94,149,1
94,270,2
94,396,2
94,541,1
94,555,9
95,21,5
95,34,2
95,46,1
95,67,1
95,95,1
95,105,1
95,130,1
95,221,1
95,241,2
95,296,1
95,301,1
95,309,1
95,363,1
95,388,1
95,431,2
95,454,1
95,477,2
95,511,1
95,548,4
95,553,65
97,20,1
97,22,1
97,68,1
97,79,1
97,97,1
97,135,1
97,158,1
97,201,1
97,227,4
97,234,1
97,240,2
97,251,2
97,263,2
97,287,2
97,297,1
97,425,1
97,545,45
97,551,8
97,557,3
98,69,1
98,71,1
98,73,1
98,98,2
98,115,1
98,179,1
98,187,2
98,226,1
98,426,1
98,459,1
98,474,8
98,519,4
98,544,2
98,550,8
99,27,1
99,28,4
99,42,2
99,62,5
99,87,2
99,107,2
99,157,1
99,197,1
99,228,3
99,251,2
99,258,3
99,266,1
99,276,25
99,284,4
99,293,1
99,336,1
99,407,1
99,453,1
99,476,2
99,493,1
99,499,3
99,500,2
99,503,1
99,554,4
99,556,35
103,9,11
103,79,1
103,97,1
103,99,1
103,111,1
103,145,6
103,165,1
103,178,11
103,222,1
103,227,1
103,263,4
103,269,1
103,273,1
103,274,1
103,287,2
103,307,1
103,313,1
103,337,1
103,347,3
103,391,2
103,395,2
103,396,1
103,421,12
103,425,1
103,434,2
103,438,1
103,478,1
103,501,1
103,533,1
103,545,1
103,551,5
103,557,3
104,45,2
104,69,3
104,71,3
104,104,4
104,173,1
104,377,1
104,550,15
105,21,10
105,34,1
105,95,4
105,126,1
105,221,1
105,241,2
105,264,3
105,273,2
105,296,3
105,301,1
105,309,2
105,310,1
105,362,1
105,431,4
105,512,1
105,548,3
105,553,85
106,139,2
106,456,1
107,28,1
107,43,2
107,62,18
107,87,9
107,112,1
107,135,1
107,141,1
107,170,1
107,174,1
107,197,2
107,223,4
107,228,1
107,233,10
107,251,14
107,258,1
107,276,43
107,284,3
107,336,1
107,383,13
107,406,5
107,409,3
107,453,1
107,463,8
107,476,12
107,478,4
107,485,2
107,488,3
107,493,2
107,499,1
107,500,1
107,503,7
107,517,2
107,554,7
107,556,34
109,551,8
110,160,1
110,555,104
111,9,4
111,22,1
111,53,1
111,66,1
111,103,1
111,130,2
111,145,1
111,158,7
111,201,1
111,203,1
111,204,1
111,227,10
111,232,2
111,234,1
111,263,4
111,274,1
111,287,5
111,313,2
111,347,1
111,355,2
111,374,4
111,389,1
111,391,1
111,392,1
111,395,1
111,421,1
111,425,5
111,434,1
111,499,1
111,505,1
111,533,9
111,543,2
111,545,4
111,551,28
111,557,5
112,28,1
112,38,1
112,42,2
112,62,9
112,78,1
112,82,1
112,87,3
112,134,1
112,169,2
112,220,2
112,223,1
112,233,4
112,251,6
112,276,4
112,336,2
112,347,1
112,463,5
112,476,2
112,478,1
112,485,1
112,493,1
112,499,1
112,503,14
112,555,1
112,556,17
113,281,1
113,282,1
113,501,1
113,555,2
114,104,1
114,115,1
114,187,1
114,519,2
114,550,5
115,24,2
115,45,1
115,49,9
115,69,9
115,71,13
115,73,6
115,92,3
115,115,34
115,129,1
115,148,8
115,151,16
115,154,1
115,173,7
115,187,4
115,198,4
115,226,1
115,258,1
115,280,1
115,282,1
115,291,2
115,352,1
115,355,1
115,358,5
115,377,1
115,382,4
115,384,2
115,409,1
115,426,1
115,474,6
115,519,10
115,529,2
115,532,1
115,537,1
115,538,1
115,544,12
115,550,105
116,4,1
116,34,4
116,46,8
116,58,1
116,241,1
116,269,4
116,309,1
116,317,3
116,367,1
116,385,2
116,431,1
116,504,6
116,539,3
116,548,2
116,553,16
118,14,1
118,55,1
118,123,1
118,152,2
118,182,1
118,353,2
118,513,2
118,549,2
118,552,6
120,18,1
120,456,3
120,471,1
120,541,1
120,555,1
121,13,1
121,14,9
121,25,1
121,55,2
121,68,1
121,74,1
121,78,5
121,84,4
121,86,1
121,118,1
121,121,2
121,123,1
121,127,17
121,152,24
121,194,1
121,206,1
121,220,4
121,225,5
121,232,1
121,248,8
121,256,2
121,267,4
121,307,5
121,343,7
121,344,4
121,353,21
121,372,2
121,394,1
121,397,1
121,405,6
121,436,7
121,438,1
121,497,3
121,549,45
121,552,96
123,14,1
123,26,1
123,78,1
123,152,1
123,248,1
123,256,1
123,361,2
123,513,2
123,552,17
125,9,1
125,158,1
125,263,3
125,287,1
125,297,1
125,308,1
125,438,1
125,551,15
125,557,2
126,2,1
126,19,1
126,21,2
126,46,4
126,58,3
126,60,4
126,61,1
126,83,1
126,241,1
126,264,7
126,273,1
126,301,1
126,310,1
126,317,4
126,360,1
126,385,5
126,388,2
126,451,1
126,553,23
127,13,1
127,14,4
127,25,1
127,55,1
127,68,1
127,78,3
127,84,4
127,86,2
127,121,1
127,137,1
127,152,8
127,194,2
127,212,1
127,220,3
127,248,4
127,257,1
127,265,1
127,267,7
127,277,1
127,307,1
127,343,5
127,353,1
127,372,3
127,394,1
127,397,1
127,405,1
127,411,2
127,436,5
127,497,1
127,513,1
127,515,1
127,549,6
127,552,110
129,45,1
129,49,5
129,69,2
129,71,13
129,115,2
129,129,84
129,166,1
129,280,1
129,426,1
129,519,1
129,544,2
129,550,39
130,20,1
130,22,2
130,66,1
130,178,1
130,201,1
130,204,1
130,251,1
130,274,1
130,311,2
130,395,2
130,438,1
130,506,3
130,528,1
130,543,1
130,545,1
130,551,6
130,557,2
131,9,1
131,22,5
131,158,31
131,203,1
131,227,10
131,287,8
131,297,30
131,331,2
131,392,1
131,395,5
131,545,22
131,551,51
131,557,8
132,177,1
132,270,1
132,281,1
132,396,1
132,541,6
132,546,10
132,555,25
133,396,3
133,555,1
134,18,1
134,37,1
134,48,10
134,54,2
134,70,3
134,94,1
134,132,5
134,143,1
134,153,2
134,168,1
134,195,2
134,258,1
134,272,1
134,281,2
134,327,3
134,337,1
134,396,3
134,419,1
134,429,1
134,456,2
134,471,1
134,484,2
134,501,1
134,541,6
134,546,9
134,555,52
135,22,1
135,66,3
135,81,1
135,97,18
135,158,5
135,178,8
135,222,1
135,227,5
135,287,1
135,295,1
135,374,1
135,390,1
135,395,5
135,433,6
135,434,1
135,438,1
135,495,2
135,505,2
135,533,3
135,545,4
135,551,23
135,557,1
136,149,1
136,177,1
136,396,1
136,484,1
136,555,2
137,2,1
137,13,1
137,14,8
137,26,5
137,47,1
137,55,1
137,68,1
137,78,7
137,79,2
137,84,3
137,86,2
137,118,1
137,121,3
137,123,1
137,127,5
137,137,2
137,152,12
137,194,3
137,206,1
137,220,2
137,248,2
137,252,1
137,264,1
137,265,5
137,267,1
137,307,3
137,317,1
137,322,2
137,331,1
137,343,2
137,344,3
137,353,6
137,361,1
137,372,5
137,394,2
137,395,1
137,397,11
137,405,7
137,411,3
137,436,1
137,479,1
137,480,1
137,497,1
137,513,1
137,549,4
137,552,51
139,18,3
139,54,1
139,134,3
139,177,1
139,183,1
139,211,1
139,281,1
139,429,1
139,456,1
139,501,1
139,541,4
139,546,2
139,555,4
140,21,6
140,241,2
140,264,1
140,553,50
141,5,1
141,42,1
141,43,1
141,57,1
141,62,6
141,87,1
141,197,1
141,199,1
141,251,3
141,258,1
141,276,7
141,278,2
141,284,2
141,453,2
141,478,1
141,499,1
141,500,1
141,503,1
141,554,2
141,556,35
143,94,2
143,113,1
143,134,1
143,143,1
143,153,4
143,195,1
143,272,1
143,281,1
143,282,2
143,327,5
143,369,1
143,396,1
143,472,2
143,547,28
143,555,8
144,55,4
144,127,1
144,220,4
144,361,2
144,436,1
144,549,1
144,552,20
145,145,2
145,295,1
145,365,1
145,545,1
145,557,1
147,19,1
147,21,2
147,74,32
147,77,1
147,191,6
147,309,2
147,333,1
147,431,1
147,553,67
148,69,5
148,382,1
148,519,1
148,544,2
148,550,6
149,94,3
149,149,1
149,396,1
149,497,1
149,510,1
149,546,8
149,555,101
150,20,1
150,22,2
150,97,2
150,130,1
150,131,1
150,135,2
150,158,3
150,178,2
150,227,2
150,287,2
150,297,3
150,337,1
150,354,1
150,533,2
150,543,2
150,545,2
150,551,9
150,557,2
151,69,7
151,92,1
151,148,1
151,377,2
151,519,5
151,544,1
151,550,6
152,14,5
152,123,1
152,127,8
152,137,1
152,248,1
152,253,1
152,256,1
152,267,1
152,307,1
152,343,4
152,344,2
152,361,1
152,372,1
152,411,1
152,436,2
152,549,38
152,552,195
153,18,1
153,54,2
153,143,2
153,153,19
153,160,1
153,177,2
153,263,1
153,270,2
153,273,1
153,281,2
153,296,2
153,326,2
153,327,1
153,337,1
153,419,1
153,456,7
153,471,3
153,472,3
153,501,2
153,503,2
153,541,4
153,546,5
153,555,15
154,193,1
157,5,1
157,42,1
157,62,9
157,82,1
157,99,1
157,157,1
157,197,2
157,199,1
157,228,1
157,251,3
157,276,11
157,284,2
157,319,1
157,409,2
157,453,1
157,478,1
157,481,3
157,499,1
157,503,2
157,554,5
157,556,22
158,131,1
158,158,3
158,222,1
158,227,2
158,240,1
158,297,3
158,331,2
158,347,1
158,425,1
158,533,1
158,545,16
158,551,17
158,557,5
159,134,1
159,270,1
159,456,1
159,471,1
159,472,1
159,546,7
159,555,7
160,270,1
160,419,1
160,429,1
160,518,1
160,530,4
160,541,2
160,546,4
160,555,8
162,551,1
164,27,2
164,28,2
164,42,4
164,62,15
164,82,1
164,87,2
164,107,1
164,199,3
164,233,2
164,251,9
164,276,17
164,296,1
164,383,1
164,463,3
164,476,1
164,485,1
164,488,4
164,493,2
164,499,2
164,500,1
164,503,1
164,535,3
164,554,1
164,556,47
165,9,2
165,79,1
165,103,2
165,158,2
165,178,1
165,227,1
165,276,1
165,287,9
165,395,1
165,421,1
165,476,1
165,545,4
165,551,12
165,557,7
166,24,4
166,32,21
166,41,5
166,45,98
166,49,12
166,59,4
166,65,20
166,69,48
166,71,52
166,73,12
166,92,3
166,97,1
166,98,4
166,104,1
166,115,13
166,129,2
166,148,8
166,151,20
166,166,655
166,173,6
166,179,12
166,187,1
166,198,1
166,215,2
166,226,1
166,243,12
166,263,1
166,327,1
166,332,21
166,358,44
166,371,3
166,377,15
166,382,3
166,384,56
166,406,1
166,416,3
166,426,3
166,457,4
166,474,20
166,517,1
166,519,94
166,530,1
166,532,12
166,538,2
166,544,13
166,550,119
168,7,1
168,134,1
168,281,1
168,419,1
168,437,1
168,546,3
168,555,9
169,10,1
169,28,1
169,42,1
169,62,18
169,76,1
169,87,3
169,112,3
169,157,1
169,233,1
169,251,4
169,276,13
169,296,1
169,319,1
169,330,1
169,361,1
169,383,2
169,409,2
169,463,6
169,476,1
169,485,1
169,486,2
169,493,3
169,503,3
169,535,1
169,554,11
169,556,34
170,62,2
170,228,1
170,251,3
170,276,7
170,284,9
170,409,5
170,463,1
170,485,1
170,554,1
170,556,14
173,32,1
173,148,1
173,332,1
173,341,1
173,519,1
173,550,18
174,276,2
174,556,4
176,16,1
176,18,3
176,37,2
176,48,1
176,54,1
176,62,1
176,70,1
176,97,1
176,132,5
176,133,1
176,134,2
176,139,1
176,143,5
176,153,3
176,168,1
176,176,1
176,177,1
176,195,1
176,211,2
176,249,1
176,272,8
176,281,8
176,287,1
176,327,2
176,368,1
176,369,1
176,396,1
176,419,3
176,456,4
176,471,1
176,472,1
176,484,1
176,491,5
176,501,2
176,515,10
176,518,1
176,530,1
176,541,4
176,546,22
176,555,27
177,7,1
177,54,1
177,132,3
177,134,1
177,136,1
177,153,7
177,176,1
177,177,3
177,195,2
177,211,1
177,218,1
177,258,1
177,263,1
177,270,1
177,281,10
177,286,1
177,287,1
177,327,1
177,337,2
177,396,2
177,397,1
177,399,1
177,456,1
177,471,4
177,503,1
177,510,1
177,515,2
177,541,4
177,546,9
177,555,26
178,22,2
178,53,1
178,66,2
178,103,5
178,125,1
178,130,3
178,134,1
178,150,1
178,158,3
178,165,1
178,227,9
178,234,1
178,287,1
178,297,1
178,354,1
178,391,2
178,392,4
178,395,3
178,403,2
178,425,8
178,434,1
178,469,1
178,506,2
178,522,2
178,533,5
178,543,16
178,551,27
178,557,2
179,49,1
179,65,1
179,71,6
179,73,1
179,187,3
179,474,3
179,537,1
179,544,2
179,550,2
180,62,3
180,112,1
180,141,1
180,180,1
180,197,1
180,251,1
180,276,4
180,284,1
180,343,1
180,453,1
180,554,5
180,556,17
181,270,1
182,86,2
182,118,1
182,127,1
182,152,3
182,182,1
182,194,3
182,206,1
182,212,1
182,220,1
182,248,2
182,256,1
182,344,1
182,397,1
182,549,3
182,552,15
183,5,1
183,28,2
183,42,1
183,43,2
183,62,10
183,63,1
183,82,1
183,87,4
183,99,1
183,164,1
183,169,5
183,183,9
183,189,1
183,197,1
183,199,4
183,223,2
183,227,1
183,228,1
183,233,1
183,237,3
183,251,3
183,258,8
183,276,10
183,284,9
183,287,1
183,293,1
183,296,2
183,319,2
183,383,9
183,386,1
183,406,4
183,409,5
183,443,1
183,453,1
183,463,5
183,471,1
183,476,3
183,478,2
183,481,1
183,485,1
183,486,3
183,488,1
183,493,8
183,503,3
183,517,5
183,535,2
183,554,4
183,556,20
185,2,1
185,185,3
185,221,1
185,241,1
185,264,1
185,273,1
185,277,1
185,363,4
185,476,1
185,548,7
185,553,14
186,550,1
187,71,1
187,115,2
187,377,1
187,416,2
187,519,1
187,550,8
188,152,1
188,344,1
188,353,1
188,497,1
188,502,1
188,549,1
188,552,3
189,18,1
189,62,11
189,87,1
189,177,1
189,251,1
189,276,18
189,336,1
189,476,1
189,478,1
189,485,1
189,500,1
189,503,2
189,517,5
189,554,1
189,556,33
191,4,1
191,21,6
191,34,1
191,39,1
191,74,5
191,77,10
191,116,2
191,140,1
191,147,11
191,191,26
191,196,3
191,241,2
191,264,2
191,273,1
191,279,1
191,296,7
191,301,1
191,309,2
191,317,4
191,335,1
191,367,5
191,385,1
191,431,1
191,504,4
191,548,1
191,553,38
192,62,11
192,87,3
192,112,2
192,223,1
192,251,5
192,276,10
192,284,1
192,463,1
192,476,3
192,481,1
192,485,1
192,503,1
192,556,22
193,193,2
194,14,24
194,25,1
194,42,1
194,47,7
194,68,19
194,78,5
194,84,5
194,86,7
194,121,5
194,127,4
194,137,3
194,143,1
194,152,9
194,153,3
194,182,4
194,194,1
194,206,1
194,220,2
194,248,5
194,256,3
194,267,1
194,273,5
194,307,1
194,322,6
194,334,5
194,344,2
194,353,12
194,394,1
194,396,1
194,397,19
194,400,1
194,405,4
194,406,2
194,436,15
194,451,1
194,476,3
194,479,2
194,480,1
194,481,1
194,497,3
194,503,2
194,513,1
194,514,1
194,517,1
194,546,1
194,549,18
194,552,46
194,553,1
195,7,4
195,16,1
195,18,1
195,48,1
195,54,1
195,134,1
195,143,1
195,180,1
195,281,1
195,429,1
195,456,2
195,471,1
195,484,1
195,515,1
195,541,2
195,546,2
196,196,1
196,264,1
196,317,1
196,504,3
196,548,1
196,553,5
197,62,4
197,82,1
197,141,1
197,251,5
197,258,2
197,266,2
197,276,12
197,278,2
197,319,1
197,476,1
197,485,1
197,503,7
197,554,1
197,556,16
198,32,1
198,49,2
198,115,1
198,148,1
198,550,13
199,10,2
199,23,1
199,42,6
199,43,2
199,62,56
199,63,1
199,82,2
199,87,7
199,89,1
199,99,1
199,107,1
199,112,2
199,141,1
199,164,2
199,169,1
199,170,6
199,180,1
199,183,9
199,197,2
199,199,1
199,223,3
199,228,7
199,237,8
199,248,1
199,251,8
199,253,4
199,258,3
199,276,89
199,278,1
199,284,68
199,383,14
199,386,4
199,406,1
199,409,1
199,453,1
199,463,11
199,476,2
199,478,7
199,480,2
199,481,4
199,485,6
199,486,9
199,493,6
199,499,5
199,500,1
199,503,2
199,517,20
199,527,2
199,543,1
199,554,26
199,556,122
200,281,2
200,555,5
201,203,1
201,234,1
201,425,2
201,551,4
202,158,1
202,551,1
203,150,1
203,227,1
203,287,1
203,543,1
203,551,9
204,20,1
204,53,1
204,66,1
204,130,5
204,158,1
204,178,1
204,227,2
204,234,3
204,297,1
204,311,2
204,395,1
204,506,1
204,545,1
204,551,14
204,557,2
206,14,2
206,47,1
206,84,2
206,137,3
206,152,2
206,182,1
206,206,1
206,212,1
206,220,1
206,225,4
206,248,1
206,252,1
206,256,4
206,267,4
206,300,1
206,343,3
206,372,1
206,394,1
206,411,5
206,436,4
206,497,1
206,504,1
206,549,1
206,552,29
208,208,1
208,466,1
208,541,1
208,546,2
208,555,2
209,7,1
209,132,1
209,396,3
209,472,1
209,484,2
209,515,1
209,546,1
209,555,3
210,22,2
210,66,1
210,150,1
210,158,3
210,263,1
210,297,1
210,308,1
210,311,1
210,425,7
210,528,1
210,545,3
210,551,21
210,557,8
211,36,1
211,195,1
211,229,1
211,546,2
211,555,3
212,25,1
212,26,2
212,78,1
212,121,1
212,127,2
212,152,1
212,212,1
212,248,1
212,256,1
212,267,1
212,307,1
212,397,1
212,497,1
212,502,2
212,549,2
212,552,27
213,36,2
213,143,1
213,153,2
213,195,3
213,327,2
213,456,2
213,501,1
213,541,3
213,555,5
214,21,5
214,58,2
214,105,2
214,196,1
214,241,7
214,273,1
214,296,1
214,309,3
214,363,2
214,431,1
214,477,1
214,511,3
214,548,4
214,553,41
215,69,5
215,519,1
215,537,1
215,544,1
215,550,4
216,14,2
216,25,1
216,26,1
216,55,6
216,78,1
216,86,1
216,121,2
216,152,13
216,218,2
216,220,1
216,248,3
216,256,1
216,271,1
216,307,1
216,343,2
216,344,1
216,372,1
216,397,8
216,497,6
216,502,1
216,506,1
216,552,12
218,16,1
218,18,4
218,35,15
218,36,1
218,37,2
218,48,1
218,53,1
218,54,12
218,70,2
218,94,15
218,103,16
218,113,1
218,132,5
218,134,5
218,136,2
218,143,5
218,149,13
218,153,14
218,177,1
218,178,1
218,211,5
218,218,40
218,251,2
218,263,1
218,269,1
218,270,17
218,281,13
218,282,19
218,287,11
218,316,1
218,326,1
218,331,1
218,337,7
218,396,40
218,419,1
218,421,2
218,448,5
218,456,8
218,471,7
218,484,2
218,501,5
218,510,7
218,515,7
218,530,8
218,541,26
218,546,12
218,555,55
219,518,1
219,555,4
220,2,1
220,14,4
220,26,1
220,34,1
220,47,1
220,78,3
220,84,2
220,86,3
220,118,3
220,121,1
220,127,2
220,152,8
220,182,2
220,194,1
220,199,1
220,225,1
220,248,5
220,253,9
220,256,5
220,263,8
220,265,1
220,267,7
220,273,1
220,277,1
220,317,2
220,343,3
220,361,4
220,372,3
220,411,1
220,436,1
220,480,2
220,497,2
220,502,2
220,504,1
220,513,2
220,549,3
220,552,25
220,556,1
221,4,2
221,21,1
221,34,1
221,39,2
221,46,4
221,83,1
221,126,1
221,221,1
221,227,2
221,241,1
221,264,1
221,269,1
221,273,1
221,301,1
221,309,2
221,310,4
221,317,15
221,367,2
221,385,6
221,388,2
221,454,1
221,504,1
221,548,87
221,553,14
222,97,1
222,111,1
222,158,1
222,227,1
222,240,1
222,354,1
222,433,2
222,543,1
222,545,13
222,551,13
222,557,1
223,62,4
223,87,2
223,233,1
223,251,1
223,258,1
223,266,1
223,276,8
223,409,1
223,493,1
223,499,1
223,554,2
223,556,21
225,14,6
225,78,3
225,84,10
225,121,6
225,127,9
225,152,13
225,182,1
225,206,1
225,220,7
225,225,2
225,248,4
225,253,1
225,256,3
225,267,5
225,270,1
225,307,1
225,343,3
225,400,1
225,411,2
225,436,24
225,479,1
225,497,2
225,504,2
225,549,8
225,552,52
226,71,1
226,474,1
226,550,1
227,97,3
227,143,2
227,158,5
227,178,4
227,221,2
227,287,3
227,297,1
227,355,1
227,374,1
227,395,2
227,425,4
227,533,1
227,541,1
227,543,2
227,545,63
227,551,14
227,557,6
228,28,1
228,43,3
228,62,8
228,82,4
228,87,2
228,107,2
228,141,1
228,169,1
228,170,5
228,237,4
228,251,3
228,276,30
228,278,1
228,284,15
228,319,2
228,330,1
228,383,2
228,409,4
228,453,2
228,463,12
228,476,1
228,478,2
228,481,1
228,485,17
228,493,4
228,500,1
228,503,1
228,517,2
228,535,1
228,554,3
228,556,44
229,541,1
229,546,2
229,555,3
230,62,1
230,276,2
230,478,1
230,486,1
230,556,4
231,555,2
232,158,1
232,287,3
233,28,2
233,42,2
233,43,1
233,62,14
233,87,2
233,107,16
233,112,1
233,135,1
233,197,5
233,251,5
233,258,1
233,276,16
233,284,1
233,386,1
233,453,2
233,476,1
233,478,1
233,488,1
233,500,1
233,503,1
233,517,1
233,554,10
233,556,21
234,38,1
234,53,2
234,66,1
234,79,2
234,97,3
234,135,1
234,158,4
234,222,1
234,227,4
234,297,1
234,545,5
234,551,27
234,557,2
235,69,1
235,519,1
235,550,1
237,10,1
237,43,4
237,62,18
237,63,1
237,87,5
237,97,1
237,107,1
237,112,1
237,170,3
237,180,8
237,197,1
237,199,3
237,228,6
237,233,2
237,237,9
237,251,5
237,258,3
237,276,57
237,284,18
237,319,2
237,336,1
237,383,2
237,406,1
237,409,7
237,452,1
237,453,1
237,463,15
237,478,2
237,481,1
237,485,4
237,493,1
237,499,2
237,503,4
237,517,2
237,554,5
237,556,30
240,97,3
240,130,1
240,131,1
240,158,3
240,227,1
240,374,1
240,434,1
240,438,1
240,543,3
240,545,2
240,551,25
240,557,3
241,21,4
241,140,2
241,185,1
241,220,1
241,221,2
241,273,9
241,279,1
241,296,1
241,309,1
241,438,1
241,477,2
241,511,1
241,548,2
241,553,84
242,41,1
242,69,1
242,550,5
243,45,1
243,49,12
243,143,1
243,305,1
243,474,3
243,532,1
243,550,2
245,21,4
245,77,1
245,97,1
245,185,1
245,273,2
245,296,2
245,309,6
245,388,1
245,511,1
245,548,1
245,553,2
248,14,4
248,84,1
248,86,2
248,127,2
248,152,2
248,182,1
248,253,1
248,256,1
248,343,1
248,497,1
248,502,1
248,549,1
248,552,20
249,555,2
251,28,1
251,42,2
251,62,5
251,82,2
251,112,1
251,135,1
251,153,1
251,169,1
251,180,1
251,197,1
251,227,1
251,233,1
251,258,5
251,276,25
251,278,4
251,347,1
251,353,1
251,395,1
251,409,1
251,456,1
251,463,1
251,476,3
251,478,1
251,499,1
251,501,1
251,503,12
251,554,4
251,556,25
252,13,3
252,14,15
252,26,4
252,47,1
252,68,1
252,84,3
252,127,9
252,152,62
252,220,4
252,248,2
252,256,1
252,267,4
252,307,1
252,322,1
252,343,4
252,361,3
252,392,1
252,397,2
252,502,2
252,513,2
252,549,6
252,552,67
253,14,1
253,26,1
253,47,1
253,118,4
253,123,1
253,127,1
253,152,8
253,182,1
253,220,7
253,248,8
253,267,1
253,353,9
253,515,1
253,549,6
253,552,15
254,396,1
254,555,1
255,228,1
255,233,1
255,554,1
255,556,4
256,14,3
256,26,3
256,47,2
256,55,1
256,78,3
256,79,1
256,84,1
256,90,1
256,121,1
256,123,2
256,152,10
256,194,1
256,216,1
256,220,7
256,225,4
256,248,3
256,251,1
256,256,36
256,267,1
256,271,3
256,273,2
256,307,7
256,322,2
256,343,3
256,344,1
256,385,1
256,397,6
256,405,1
256,411,1
256,423,2
256,436,3
256,479,1
256,497,1
256,502,1
256,549,3
256,552,10
256,557,1
257,14,1
257,78,1
257,127,1
257,152,1
257,225,1
257,322,1
257,329,1
257,400,3
257,479,1
257,552,24
258,28,2
258,87,1
258,107,1
258,112,1
258,197,3
258,228,1
258,233,1
258,251,8
258,258,6
258,276,16
258,476,7
258,503,3
258,554,6
258,556,10
260,16,1
260,22,1
260,37,1
260,158,5
260,227,1
260,347,3
260,392,2
260,425,2
260,465,1
260,545,2
260,551,25
260,557,13
263,9,1
263,263,2
263,551,1
264,2,1
264,34,1
264,79,1
264,83,1
264,126,1
264,274,1
264,317,5
264,385,2
264,548,5
264,553,18
265,14,1
265,68,3
265,78,1
265,86,1
265,127,5
265,137,1
265,152,4
265,194,1
265,206,1
265,220,5
265,225,1
265,234,1
265,253,1
265,256,1
265,257,1
265,267,4
265,271,2
265,307,3
265,322,1
265,323,1
265,329,2
265,343,2
265,362,1
265,372,5
265,394,2
265,400,1
265,411,1
265,436,1
265,479,4
265,496,1
265,549,16
265,552,126
266,28,1
266,62,1
266,197,1
266,251,1
266,276,3
266,485,1
266,488,1
266,499,1
266,554,1
266,556,12
267,14,9
267,26,1
267,78,2
267,84,5
267,86,3
267,93,1
267,123,1
267,152,5
267,220,1
267,225,1
267,251,1
267,256,1
267,296,1
267,329,2
267,343,4
267,361,2
267,372,1
267,411,13
267,479,3
267,502,1
267,549,5
267,552,38
269,2,1
269,19,1
269,34,5
269,46,6
269,61,1
269,116,2
269,126,2
269,221,2
269,264,2
269,317,3
269,363,3
269,385,1
269,388,4
269,504,3
269,548,11
269,553,11
270,48,3
270,54,1
270,168,1
270,218,1
270,398,1
270,456,6
270,467,1
270,468,1
270,472,2
270,503,1
270,523,1
270,531,1
270,541,10
270,546,26
270,555,109
271,26,1
271,84,1
271,127,2
271,137,1
271,152,10
271,182,1
271,195,1
271,248,1
271,253,1
271,343,1
271,397,1
271,497,1
271,515,1
271,549,1
271,552,7
272,48,1
272,143,1
272,336,1
272,456,1
272,472,1
272,547,2
272,555,4
273,21,7
273,62,1
273,83,1
273,95,1
273,105,2
273,140,4
273,176,1
273,185,6
273,194,1
273,221,9
273,234,1
273,241,12
273,251,1
273,273,4
273,279,5
273,296,6
273,309,2
273,310,1
273,317,1
273,363,5
273,388,2
273,451,1
273,454,3
273,503,1
273,511,1
273,515,1
273,548,3
273,553,24
273,554,1
274,66,1
274,551,2
276,28,1
276,42,2
276,43,1
276,62,13
276,76,1
276,87,4
276,99,1
276,107,2
276,112,2
276,141,1
276,157,1
276,189,1
276,195,1
276,197,2
276,199,1
276,228,2
276,237,3
276,251,4
276,258,3
276,284,1
276,383,3
276,406,1
276,463,3
276,476,3
276,478,2
276,481,3
276,485,3
276,486,1
276,493,1
276,499,1
276,503,3
276,517,10
276,554,30
276,556,128
277,25,1
277,78,1
277,103,1
277,216,1
277,220,6
277,253,1
277,267,1
277,405,1
277,476,1
277,517,1
277,552,20
278,62,3
278,197,4
278,251,5
278,276,7
278,476,2
278,478,1
278,556,21
279,2,1
279,21,10
279,34,1
279,39,3
279,58,1
279,123,1
279,126,2
279,140,5
279,185,2
279,220,6
279,241,8
279,264,10
279,273,14
279,296,4
279,301,1
279,309,1
279,310,1
279,333,2
279,355,1
279,360,2
279,363,8
279,385,1
279,431,2
279,451,4
279,477,3
279,482,2
279,504,1
279,548,4
279,553,70
280,98,1
280,474,1
280,550,4
281,48,1
281,143,1
281,153,4
281,211,1
281,227,1
281,456,1
281,471,1
281,518,6
281,541,1
281,546,5
281,555,45
282,456,6
282,547,15
282,555,12
283,54,1
283,143,4
283,281,2
283,327,5
283,366,1
283,406,1
283,485,1
283,501,1
283,541,1
283,555,6
284,7,1
284,10,3
284,18,1
284,23,2
284,28,5
284,37,1
284,42,1
284,62,35
284,79,2
284,82,2
284,87,8
284,103,1
284,107,6
284,112,2
284,134,1
284,143,7
284,152,1
284,153,1
284,158,1
284,170,4
284,183,1
284,194,1
284,199,3
284,223,2
284,227,1
284,228,2
284,237,7
284,251,3
284,253,2
284,258,29
284,263,2
284,276,217
284,278,3
284,284,62
284,287,1
284,319,3
284,330,2
284,340,1
284,343,1
284,353,5
284,383,9
284,386,8
284,391,1
284,395,3
284,396,1
284,406,9
284,409,15
284,443,1
284,452,1
284,453,2
284,456,4
284,463,11
284,468,1
284,472,1
284,478,3
284,481,7
284,485,9
284,486,2
284,488,4
284,493,3
284,499,11
284,503,7
284,517,5
284,541,1
284,554,68
284,556,141
286,132,1
286,177,2
286,546,2
286,555,20
287,287,2
287,551,1
287,557,1
288,79,1
288,178,2
288,240,1
288,297,1
288,506,3
288,533,1
288,545,2
288,551,15
289,45,1
290,270,1
290,515,1
290,530,1
290,555,2
291,24,3
291,32,3
291,45,2
291,65,4
291,69,4
291,71,9
291,73,5
291,115,7
291,166,3
291,187,1
291,193,3
291,305,1
291,318,3
291,358,6
291,377,1
291,382,1
291,446,1
291,457,1
291,474,8
291,519,8
292,292,2
292,546,25
292,555,47
293,62,8
293,112,1
293,157,1
293,276,6
293,284,2
293,406,1
293,463,1
293,478,1
293,488,1
293,556,3
294,164,2
294,319,1
294,535,1
294,556,3
295,38,1
295,66,1
295,145,3
295,227,1
295,287,2
295,297,2
295,395,1
295,425,1
295,551,10
295,557,1
296,21,3
296,95,1
296,147,2
296,153,6
296,169,3
296,177,1
296,220,1
296,241,3
296,263,1
296,273,10
296,296,31
296,309,1
296,361,1
296,363,5
296,477,1
296,493,12
296,511,6
296,551,1
296,553,63
296,556,2
297,22,3
297,66,2
297,79,1
297,97,1
297,131,2
297,158,24
297,178,1
297,227,5
297,263,1
297,287,4
297,297,9
297,311,1
297,392,1
297,425,7
297,506,1
297,533,3
297,545,33
297,551,157
297,557,12
298,551,4
300,97,1
300,150,2
301,4,1
301,21,10
301,34,2
301,46,1
301,58,5
301,60,1
301,77,1
301,95,2
301,105,9
301,126,2
301,140,1
301,147,1
301,185,9
301,221,11
301,241,8
301,264,16
301,273,15
301,279,3
301,296,4
301,309,1
301,317,8
301,363,8
301,367,3
301,385,6
301,388,3
301,454,1
301,504,1
301,512,2
301,548,19
301,553,50
302,7,4
302,18,20
302,37,2
302,48,2
302,54,2
302,70,1
302,132,5
302,134,6
302,136,1
302,139,1
302,143,9
302,152,1
302,153,30
302,177,2
302,195,2
302,211,8
302,218,1
302,263,1
302,270,2
302,272,3
302,281,18
302,287,1
302,316,1
302,326,3
302,327,8
302,347,1
302,353,2
302,396,2
302,409,1
302,419,3
302,428,2
302,429,2
302,455,1
302,456,1
302,461,1
302,471,6
302,472,8
302,484,8
302,491,3
302,501,2
302,515,3
302,530,4
302,531,2
302,541,8
302,546,17
302,555,80
304,10,2
304,62,6
304,87,4
304,107,5
304,112,8
304,141,1
304,170,1
304,199,2
304,228,6
304,251,6
304,276,25
304,284,1
304,336,1
304,383,19
304,406,1
304,452,1
304,463,2
304,478,1
304,481,1
304,493,1
304,499,2
304,503,1
304,517,1
304,554,4
304,556,40
305,97,1
305,474,1
306,306,3
306,336,1
306,366,6
306,409,6
307,47,3
307,84,1
307,127,1
307,152,16
307,194,1
307,248,1
307,256,1
307,265,1
307,267,4
307,271,1
307,343,20
307,344,1
307,353,3
307,361,2
307,372,1
307,385,2
307,394,1
307,397,1
307,480,1
307,549,1
307,552,29
308,130,2
308,201,1
308,222,1
308,264,1
308,273,1
308,495,1
308,502,1
308,533,1
308,551,3
309,2,1
309,21,26
309,39,1
309,58,2
309,105,1
309,140,1
309,241,2
309,273,2
309,310,1
309,477,1
309,553,43
310,2,17
310,4,1
310,19,1
310,21,5
310,34,4
310,39,3
310,46,23
310,58,8
310,61,1
310,74,1
310,83,1
310,105,1
310,126,5
310,185,2
310,191,1
310,221,22
310,241,7
310,263,2
310,264,8
310,269,2
310,273,5
310,279,1
310,296,4
310,301,1
310,317,19
310,360,2
310,363,4
310,385,11
310,388,2
310,411,5
310,431,1
310,451,1
310,482,1
310,504,6
310,548,5
310,553,47
311,20,1
311,130,6
311,158,1
311,227,1
311,240,1
311,287,3
311,551,6
311,557,1
312,551,1
313,9,2
313,97,1
313,100,1
313,103,2
313,227,6
313,234,1
313,287,1
313,347,1
313,391,4
313,395,1
313,425,5
313,506,1
313,533,2
313,543,1
313,545,4
313,551,3
313,557,5
316,218,2
316,331,1
316,396,2
316,555,4
317,2,2
317,34,2
317,46,4
317,83,1
317,105,1
317,126,2
317,221,9
317,234,1
317,264,2
317,269,1
317,273,3
317,310,1
317,317,1
317,355,1
317,367,1
317,385,6
317,388,6
317,454,1
317,504,4
317,548,4
317,553,30
318,24,1
318,45,5
318,49,2
318,65,1
318,69,2
318,73,2
318,115,3
318,166,1
318,193,1
318,377,1
318,382,2
318,519,2
318,550,4
319,5,2
319,42,6
319,55,1
319,62,7
319,82,2
319,87,1
319,107,1
319,141,1
319,153,1
319,157,1
319,180,1
319,197,2
319,228,1
319,251,2
319,258,4
319,274,1
319,276,21
319,284,1
319,293,1
319,330,1
319,383,4
319,391,1
319,409,5
319,463,14
319,476,4
319,503,3
319,517,2
319,527,1
319,554,4
319,556,14
320,9,6
320,14,1
320,20,6
320,22,33
320,38,3
320,48,1
320,53,3
320,56,2
320,66,14
320,79,3
320,81,4
320,97,3
320,108,3
320,125,1
320,130,15
320,131,9
320,135,2
320,150,3
320,152,1
320,158,11
320,178,12
320,201,1
320,203,4
320,204,1
320,220,1
320,222,1
320,225,1
320,227,19
320,232,2
320,234,2
320,240,3
320,263,28
320,270,1
320,274,6
320,287,4
320,297,16
320,311,1
320,313,1
320,339,3
320,347,3
320,354,1
320,355,5
320,376,4
320,381,3
320,389,2
320,390,9
320,391,2
320,392,5
320,395,24
320,422,5
320,425,14
320,430,1
320,433,2
320,434,5
320,436,1
320,438,3
320,456,1
320,460,5
320,465,3
320,469,1
320,476,1
320,484,11
320,505,4
320,506,17
320,543,82
320,545,24
320,551,147
320,557,4
322,14,5
322,26,1
322,42,1
322,47,3
322,68,1
322,78,5
322,79,1
322,86,4
322,121,2
322,123,1
322,127,5
322,152,3
322,194,5
322,252,1
322,267,1
322,271,1
322,334,1
322,343,1
322,344,5
322,353,4
322,361,1
322,372,1
322,383,1
322,397,3
322,400,1
322,405,5
322,411,1
322,436,1
322,478,1
322,479,3
322,480,1
322,549,3
322,552,37
323,62,1
323,103,1
323,127,1
323,134,1
323,135,1
323,145,1
323,158,2
323,227,2
323,234,9
323,251,1
323,287,2
323,297,1
323,313,1
323,353,2
323,389,1
323,425,3
323,438,1
323,460,1
323,515,11
323,533,2
323,543,1
323,545,1
323,547,1
323,551,5
323,557,4
325,34,4
325,46,5
325,264,2
325,267,1
325,269,2
325,273,2
325,296,1
325,300,1
325,317,18
325,360,1
325,363,1
325,385,25
325,388,1
325,477,1
325,548,4
325,553,21
326,1,1
326,7,6
326,16,2
326,18,3
326,29,1
326,37,3
326,48,3
326,52,2
326,54,11
326,70,4
326,132,3
326,133,1
326,134,13
326,139,2
326,143,12
326,153,23
326,168,1
326,211,1
326,251,1
326,269,1
326,281,5
326,282,1
326,287,1
326,316,1
326,326,3
326,327,2
326,343,1
326,396,1
326,406,1
326,409,1
326,428,1
326,442,1
326,456,26
326,466,3
326,467,1
326,471,2
326,472,5
326,484,5
326,489,1
326,491,4
326,501,1
326,515,6
326,518,1
326,530,1
326,541,24
326,546,90
326,547,9
326,555,212
327,7,1
327,16,3
327,94,2
327,134,1
327,143,8
327,153,2
327,282,1
327,327,1
327,353,1
327,396,1
327,437,2
327,456,2
327,472,4
327,501,3
327,515,1
327,518,1
327,541,6
327,546,1
327,547,7
327,555,4
328,62,2
328,276,6
328,556,15
329,14,2
329,25,1
329,47,2
329,55,1
329,84,1
329,86,8
329,127,4
329,152,27
329,182,3
329,194,1
329,220,3
329,225,5
329,248,1
329,251,1
329,252,1
329,256,4
329,267,41
329,307,3
329,343,8
329,344,1
329,397,2
329,400,2
329,436,2
329,479,1
329,549,2
329,552,78
330,62,1
330,251,1
330,485,2
330,556,7
331,9,1
331,38,1
331,111,1
331,158,3
331,232,1
331,287,33
331,331,9
331,395,9
331,545,4
331,551,9
331,557,1
332,41,1
332,45,2
332,69,4
332,71,7
332,115,1
332,148,2
332,173,1
332,242,1
332,377,1
332,459,1
332,474,4
332,519,3
332,544,1
332,550,37
333,21,4
333,74,2
333,77,20
333,97,1
333,140,1
333,147,2
333,191,5
333,241,1
333,309,5
333,335,1
333,454,1
333,511,3
333,548,1
333,553,33
334,13,4
334,14,11
334,79,1
334,84,1
334,118,1
334,121,1
334,123,3
334,127,5
334,152,3
334,182,1
334,194,5
334,225,1
334,248,15
334,252,1
334,256,2
334,267,2
334,343,1
334,344,1
334,353,4
334,480,1
334,497,2
334,502,2
334,549,8
334,552,58
335,21,3
335,26,1
335,61,1
335,74,5
335,77,5
335,79,1
335,103,1
335,147,5
335,333,3
335,335,1
335,504,6
335,511,3
335,512,1
335,539,2
335,553,17
336,42,1
336,62,3
336,87,3
336,164,1
336,170,2
336,199,1
336,223,1
336,228,2
336,233,1
336,251,2
336,276,6
336,284,3
336,319,2
336,383,5
336,409,2
336,485,4
336,488,1
336,493,1
336,499,2
336,500,1
336,554,1
336,556,6
337,7,1
337,9,5
337,14,1
337,16,1
337,35,3
337,48,2
337,54,14
337,62,2
337,94,7
337,132,6
337,134,6
337,143,2
337,149,41
337,152,4
337,153,15
337,177,6
337,195,2
337,218,11
337,251,1
337,270,6
337,281,4
337,287,4
337,316,1
337,326,1
337,331,2
337,337,4
337,343,2
337,395,3
337,396,202
337,398,1
337,399,1
337,438,3
337,456,11
337,470,1
337,471,3
337,472,6
337,484,4
337,489,1
337,501,30
337,503,2
337,510,14
337,515,6
337,530,14
337,531,4
337,541,14
337,546,62
337,547,11
337,551,1
337,555,165
339,20,11
339,22,3
339,34,1
339,53,1
339,79,6
339,81,1
339,97,1
339,111,1
339,130,4
339,131,2
339,158,6
339,178,1
339,201,1
339,222,3
339,227,7
339,232,3
339,234,8
339,263,1
339,271,1
339,274,5
339,287,14
339,297,27
339,308,3
339,320,7
339,339,1
339,344,1
339,347,1
339,355,1
339,374,1
339,376,1
339,390,2
339,392,1
339,395,17
339,403,1
339,421,1
339,425,4
339,438,2
339,460,2
339,469,1
339,479,1
339,487,3
339,506,3
339,515,5
339,517,1
339,533,2
339,543,8
339,545,45
339,551,147
339,557,6
340,62,1
340,153,1
340,276,4
340,319,1
340,453,2
340,554,2
340,556,3
341,69,1
343,14,16
343,26,2
343,34,1
343,47,7
343,84,17
343,86,2
343,118,1
343,121,1
343,127,7
343,152,66
343,182,1
343,194,1
343,195,1
343,220,9
343,225,3
343,248,18
343,251,3
343,252,1
343,253,2
343,256,7
343,263,1
343,265,8
343,267,3
343,271,3
343,307,34
343,322,1
343,343,4
343,344,1
343,353,10
343,361,2
343,372,3
343,385,3
343,394,1
343,397,10
343,405,4
343,411,1
343,436,5
343,456,1
343,478,2
343,480,2
343,484,1
343,503,1
343,515,1
343,541,1
343,549,14
343,552,51
344,55,1
344,436,1
344,438,1
344,552,15
347,9,1
347,227,2
347,347,1
347,551,1
348,79,2
348,97,1
348,130,3
348,227,1
348,295,1
348,297,2
348,365,1
348,506,1
348,551,8
348,557,1
349,54,1
349,547,1
349,555,1
352,69,1
352,92,1
352,550,1
353,14,3
353,37,1
353,47,5
353,68,6
353,78,1
353,79,1
353,84,1
353,118,6
353,121,4
353,123,2
353,137,1
353,152,4
353,153,1
353,194,9
353,206,1
353,220,1
353,225,1
353,248,1
353,251,1
353,253,5
353,307,3
353,343,3
353,344,1
353,353,31
353,396,2
353,397,3
353,405,4
353,436,3
353,456,1
353,549,3
353,552,24
354,111,2
354,222,1
354,227,1
354,505,1
354,533,2
354,545,2
354,551,2
355,22,1
355,97,1
355,111,1
355,297,1
355,395,1
355,421,1
355,543,1
355,545,2
355,551,2
355,557,3
356,555,1
357,204,1
357,551,3
358,24,4
358,45,25
358,49,1
358,69,87
358,71,4
358,73,1
358,115,8
358,148,8
358,151,15
358,166,5
358,173,15
358,306,1
358,332,5
358,352,1
358,358,373
358,371,2
358,382,41
358,384,1
358,426,1
358,457,1
358,459,1
358,474,2
358,503,1
358,519,34
358,529,1
358,544,5
358,550,23
359,396,1
360,21,6
360,60,1
360,83,1
360,105,2
360,126,1
360,185,1
360,221,1
360,241,4
360,273,22
360,279,7
360,301,1
360,309,3
360,310,2
360,360,11
360,385,12
360,451,1
360,477,2
360,482,1
360,548,9
360,553,51
361,14,6
361,26,4
361,47,5
361,78,1
361,79,1
361,86,8
361,121,1
361,123,2
361,127,3
361,137,2
361,152,19
361,153,3
361,194,2
361,216,2
361,220,6
361,248,1
361,252,2
361,256,2
361,265,1
361,267,3
361,271,1
361,296,1
361,307,4
361,322,1
361,334,2
361,343,3
361,361,14
361,372,2
361,397,1
361,411,3
361,423,2
361,479,1
361,493,1
361,497,3
361,543,1
361,549,3
361,552,59
362,21,47
362,34,1
362,39,1
362,60,1
362,74,1
362,126,1
362,140,4
362,185,1
362,221,3
362,241,3
362,264,1
362,265,1
362,273,2
362,279,2
362,296,2
362,309,5
362,317,3
362,335,1
362,360,1
362,363,3
362,451,2
362,477,1
362,548,2
362,553,58
363,21,3
363,67,1
363,83,2
363,105,1
363,140,1
363,191,1
363,241,3
363,264,1
363,273,1
363,279,5
363,296,12
363,309,2
363,363,50
363,385,3
363,511,1
363,512,1
363,539,1
363,548,4
363,553,25
364,305,1
365,97,1
365,158,1
365,178,1
365,227,1
365,287,6
365,395,1
365,421,1
365,430,1
365,434,1
365,438,1
365,528,1
365,545,3
365,551,15
365,557,1
366,306,12
366,366,8
367,4,1
367,39,1
367,58,4
367,548,9
367,553,9
368,177,1
369,177,1
369,281,1
369,368,1
369,395,1
369,417,1
369,472,1
369,489,1
369,523,1
369,541,2
369,546,1
369,555,4
371,59,2
371,69,17
371,148,1
371,151,1
371,358,19
371,377,1
371,474,1
371,544,1
371,550,9
372,4,1
372,84,2
372,127,1
372,152,3
372,257,1
372,267,2
372,344,1
372,372,1
372,405,2
372,411,1
372,549,6
372,552,30
374,22,1
374,158,3
374,178,1
374,203,1
374,227,8
374,297,7
374,365,1
374,395,1
374,425,4
374,433,1
374,438,1
374,543,1
374,545,32
374,551,277
374,557,3
375,97,2
375,375,1
376,9,1
376,20,4
376,135,2
376,227,1
376,297,1
376,308,1
376,337,1
376,425,5
376,545,10
376,551,44
376,557,7
377,45,6
377,49,2
377,69,1
377,71,5
377,115,1
377,166,1
377,364,1
377,377,1
377,382,1
377,426,4
377,474,1
377,544,8
377,550,49
380,555,6
382,24,1
382,45,3
382,69,27
382,115,2
382,148,4
382,166,1
382,179,1
382,187,1
382,215,1
382,332,3
382,358,16
382,371,1
382,426,1
382,474,1
382,519,8
382,544,6
382,550,45
383,5,3
383,10,1
383,23,4
383,27,1
383,28,13
383,42,11
383,43,2
383,62,63
383,76,1
383,82,9
383,87,24
383,99,6
383,107,54
383,112,6
383,141,3
383,157,1
383,164,5
383,169,4
383,170,17
383,180,15
383,183,3
383,189,1
383,197,25
383,199,2
383,223,7
383,228,12
383,233,15
383,237,1
383,251,53
383,255,1
383,258,10
383,266,3
383,276,100
383,278,5
383,284,45
383,294,2
383,319,7
383,330,19
383,336,8
383,406,12
383,409,14
383,418,2
383,452,1
383,453,2
383,463,28
383,476,9
383,478,8
383,481,17
383,485,29
383,486,4
383,488,15
383,493,17
383,499,3
383,500,6
383,503,44
383,517,18
383,523,1
383,527,1
383,535,3
383,554,23
383,556,149
384,24,8
384,32,1
384,45,41
384,49,3
384,59,1
384,65,7
384,69,130
384,71,2
384,73,31
384,92,106
384,98,3
384,104,3
384,114,1
384,115,26
384,129,1
384,148,18
384,151,61
384,154,2
384,166,91
384,173,2
384,179,3
384,187,3
384,198,7
384,242,7
384,280,3
384,305,1
384,332,12
384,358,1
384,364,5
384,371,1
384,377,21
384,382,13
384,384,3
384,416,1
384,426,247
384,474,12
384,519,165
384,529,10
384,532,2
384,538,8
384,544,233
384,550,355
385,34,1
385,46,1
385,126,1
385,185,1
385,221,4
385,273,1
385,307,1
385,317,5
385,548,5
385,553,1
386,62,3
386,112,4
386,170,2
386,199,1
386,228,1
386,233,1
386,276,14
386,284,12
386,319,1
386,409,8
386,463,3
386,481,1
386,485,6
386,554,6
386,556,14
388,34,4
388,46,2
388,126,7
388,140,2
388,221,2
388,264,4
388,269,1
388,273,1
388,300,1
388,301,1
388,317,6
388,363,8
388,385,5
388,548,49
388,553,4
389,111,1
389,158,3
389,227,1
389,297,1
389,323,1
389,331,1
389,389,4
389,425,1
389,545,15
389,551,23
389,557,2
390,22,3
390,97,1
390,227,2
390,274,1
390,297,1
390,390,20
390,545,7
390,551,24
390,557,5
391,9,1
391,103,3
391,144,1
391,145,2
391,178,2
391,185,1
391,201,1
391,220,3
391,227,5
391,313,2
391,331,1
391,391,1
391,425,7
391,440,1
391,465,1
391,505,1
391,533,1
391,543,1
391,551,13
391,557,4
392,9,27
392,14,1
392,20,7
392,22,18
392,38,5
392,43,1
392,53,21
392,66,61
392,79,6
392,97,20
392,100,1
392,103,3
392,111,1
392,125,5
392,130,43
392,131,35
392,135,2
392,145,4
392,150,4
392,158,85
392,165,1
392,178,26
392,201,3
392,203,14
392,204,2
392,222,1
392,227,65
392,234,21
392,240,4
392,263,17
392,274,18
392,287,50
392,295,2
392,297,202
392,298,4
392,308,4
392,311,6
392,320,10
392,323,9
392,331,2
392,337,1
392,347,9
392,353,4
392,355,8
392,374,13
392,376,1
392,390,18
392,391,1
392,393,2
392,395,56
392,403,4
392,421,35
392,425,41
392,433,1
392,434,5
392,438,4
392,439,1
392,440,3
392,441,7
392,460,1
392,469,3
392,494,1
392,495,1
392,503,4
392,505,8
392,506,11
392,528,1
392,531,1
392,533,11
392,543,45
392,545,120
392,551,492
392,557,95
393,97,1
393,545,1
393,551,2
395,9,3
395,103,1
395,130,1
395,232,3
395,251,1
395,287,1
395,331,1
395,355,1
395,359,1
395,390,1
395,395,2
395,438,1
395,515,1
395,533,2
395,543,2
395,545,1
395,551,6
396,35,1
396,94,2
396,176,1
396,177,1
396,197,1
396,218,3
396,270,2
396,316,3
396,337,4
396,359,1
396,470,2
396,471,1
396,475,1
396,489,2
396,501,2
396,510,2
396,530,3
396,546,9
396,555,2
397,47,3
397,68,1
397,78,10
397,86,1
397,118,2
397,127,8
397,152,17
397,182,1
397,194,2
397,248,1
397,253,2
397,256,4
397,322,3
397,343,1
397,344,8
397,353,5
397,361,4
397,405,5
397,436,4
397,502,2
397,549,2
397,552,46
397,556,1
398,1,1
398,7,1
398,149,1
398,270,2
398,396,1
398,437,1
398,501,1
398,523,1
398,541,1
398,555,1
399,7,1
399,18,21
399,37,1
399,48,3
399,70,2
399,94,1
399,106,1
399,110,1
399,120,1
399,132,2
399,134,7
399,143,6
399,153,2
399,177,1
399,281,16
399,286,1
399,327,5
399,337,2
399,394,1
399,396,2
399,399,1
399,428,5
399,445,1
399,455,2
399,456,14
399,472,6
399,501,1
399,530,1
399,546,12
399,547,2
399,555,21
400,14,2
400,127,1
400,152,1
400,225,1
400,256,1
400,257,2
400,267,3
400,307,1
400,552,5
403,557,1
404,97,1
404,130,1
404,308,1
404,311,1
404,331,1
404,421,1
404,502,2
404,506,1
404,517,1
404,551,6
405,14,1
405,121,1
405,127,1
405,334,1
405,344,2
405,395,1
405,397,1
405,552,12
406,42,2
406,43,1
406,62,2
406,276,2
406,319,1
406,406,16
406,409,2
406,463,1
406,476,2
406,481,2
406,503,5
406,535,1
406,554,2
406,556,10
407,62,1
407,99,1
407,112,1
407,170,1
407,233,1
407,237,1
407,276,13
407,284,14
407,319,4
407,406,1
407,409,15
407,463,3
407,481,2
407,485,2
407,503,1
407,554,2
407,556,10
409,62,1
409,82,1
409,87,3
409,112,2
409,153,1
409,169,5
409,170,1
409,237,1
409,251,3
409,276,3
409,284,7
409,319,3
409,383,1
409,386,1
409,406,1
409,463,6
409,481,1
409,485,4
409,493,1
409,503,3
409,517,2
409,554,2
409,556,13
412,263,3
412,551,1
413,16,2
413,37,2
413,54,1
413,143,4
413,272,1
413,282,1
413,327,2
413,380,1
413,456,1
413,471,3
413,515,1
413,516,1
413,518,3
413,523,1
413,530,1
413,541,2
413,546,2
413,547,13
413,555,24
414,7,1
414,9,8
414,20,2
414,22,1
414,53,6
414,66,4
414,97,1
414,103,1
414,111,1
414,130,2
414,131,2
414,135,3
414,145,1
414,150,1
414,152,2
414,158,9
414,178,2
414,194,1
414,202,1
414,203,1
414,204,1
414,222,1
414,227,3
414,232,9
414,274,2
414,287,18
414,297,22
414,308,3
414,311,1
414,320,1
414,323,5
414,331,16
414,339,5
414,347,1
414,355,2
414,363,1
414,365,1
414,374,6
414,389,2
414,390,3
414,391,3
414,392,3
414,395,17
414,414,2
414,425,3
414,433,1
414,438,1
414,440,1
414,484,1
414,488,1
414,494,1
414,505,1
414,506,1
414,533,2
414,543,1
414,545,24
414,551,70
414,557,11
416,41,2
416,69,1
416,71,2
416,115,1
416,187,2
416,377,1
416,459,1
416,474,1
416,519,2
416,544,4
416,550,34
418,62,2
418,164,2
418,170,1
418,233,1
418,276,1
418,319,2
418,336,1
418,485,3
418,535,1
418,556,8
419,1,2
419,7,2
419,16,3
419,18,4
419,29,1
419,36,9
419,37,3
419,48,7
419,54,18
419,79,1
419,94,2
419,110,1
419,132,1
419,134,11
419,143,13
419,152,1
419,153,11
419,160,1
419,168,9
419,176,6
419,177,2
419,194,1
419,195,7
419,211,15
419,218,3
419,231,3
419,251,1
419,258,1
419,270,4
419,276,1
419,281,10
419,282,1
419,323,1
419,326,1
419,327,22
419,337,1
419,343,5
419,353,1
419,380,1
419,396,4
419,399,2
419,406,1
419,425,1
419,429,4
419,437,1
419,455,2
419,456,8
419,466,3
419,468,1
419,470,1
419,471,3
419,472,3
419,476,1
419,484,5
419,485,2
419,491,3
419,501,4
419,503,1
419,515,24
419,521,1
419,530,4
419,541,25
419,546,110
419,547,1
419,555,273
421,9,6
421,97,1
421,103,5
421,111,1
421,145,1
421,232,2
421,287,7
421,295,1
421,297,1
421,355,1
421,395,2
421,404,2
421,438,2
421,533,3
421,545,2
421,551,8
421,557,1
422,9,1
422,66,1
422,227,1
422,287,1
422,297,1
422,545,1
422,551,2
422,557,1
423,78,2
423,118,1
423,152,5
423,353,1
423,361,1
423,394,1
423,397,2
423,496,1
423,552,6
425,9,1
425,20,1
425,178,2
425,227,3
425,258,1
425,263,2
425,273,1
425,297,1
425,344,1
425,533,3
425,543,1
425,551,67
426,24,12
426,32,1
426,41,1
426,45,94
426,49,13
426,65,5
426,69,69
426,71,14
426,73,18
426,92,121
426,98,11
426,104,2
426,114,1
426,115,33
426,129,8
426,148,21
426,151,69
426,154,2
426,166,8
426,173,7
426,179,2
426,187,6
426,198,5
426,226,1
426,243,1
426,280,4
426,291,2
426,305,2
426,318,1
426,332,11
426,341,1
426,352,2
426,358,1
426,364,6
426,377,13
426,382,3
426,384,157
426,416,5
426,426,10
426,457,1
426,474,148
426,519,163
426,532,5
426,538,106
426,544,233
426,550,461
427,84,2
427,152,1
427,225,1
427,267,1
427,372,1
427,411,1
427,552,13
428,54,1
428,132,1
428,134,5
428,143,1
428,153,2
428,211,1
428,251,1
428,258,1
428,281,3
428,327,4
428,396,8
428,437,1
428,456,1
428,472,7
428,484,1
428,541,1
428,546,1
428,555,4
429,48,4
429,153,1
429,160,4
429,213,1
429,270,1
429,531,1
429,541,4
429,546,7
429,555,30
430,42,1
430,66,1
430,79,2
430,97,1
430,111,1
430,130,4
430,131,1
430,158,2
430,204,1
430,227,2
430,232,1
430,274,1
430,287,1
430,297,1
430,311,1
430,365,3
430,395,2
430,403,1
430,425,1
430,438,1
430,460,1
430,506,4
430,545,3
430,551,16
430,557,6
431,21,1
431,548,1
431,553,6
432,456,1
433,97,1
433,135,2
433,158,1
433,545,2
433,551,7
433,557,1
435,49,2
435,71,3
435,92,1
435,384,1
435,474,1
435,519,1
436,14,5
436,22,1
436,47,6
436,55,1
436,62,1
436,68,1
436,86,2
436,121,5
436,127,11
436,144,3
436,152,12
436,182,1
436,194,5
436,206,1
436,220,2
436,225,20
436,248,2
436,256,7
436,267,3
436,270,3
436,307,2
436,322,1
436,343,1
436,344,4
436,353,6
436,397,3
436,405,1
436,423,1
436,436,9
436,456,1
436,513,1
436,549,20
436,552,40
437,270,1
437,437,1
437,541,2
438,21,1
438,79,1
438,201,2
438,273,1
438,287,1
438,337,1
438,533,1
438,551,1
439,130,1
439,227,1
439,287,2
439,374,1
439,551,2
440,433,1
441,20,1
441,22,1
441,97,1
441,158,3
441,227,2
441,274,1
441,355,1
441,392,1
441,421,1
441,425,3
441,545,7
441,551,24
441,557,1
442,518,1
442,555,5
443,27,5
443,62,5
443,141,1
443,251,1
443,258,1
443,276,8
443,503,1
443,556,12
444,49,1
444,115,1
444,519,1
444,544,1
444,550,6
445,54,1
445,132,1
445,133,1
445,143,2
445,555,1
446,5,1
446,45,1
446,71,3
446,73,1
446,115,1
446,151,1
446,226,1
446,327,1
446,332,2
446,474,3
446,538,1
446,544,2
446,550,5
448,7,1
448,160,1
448,281,1
448,546,8
448,547,1
448,555,2
449,48,1
449,546,11
449,555,15
450,43,2
450,62,7
450,107,2
450,112,1
450,170,1
450,180,2
450,199,1
450,223,1
450,233,4
450,251,2
450,258,1
450,266,2
450,276,19
450,284,7
450,452,1
450,463,1
450,554,14
450,556,37
451,2,1
451,21,31
451,60,9
451,83,2
451,95,3
451,105,2
451,126,21
451,140,2
451,158,1
451,185,10
451,241,3
451,263,4
451,264,1
451,273,16
451,279,7
451,296,1
451,301,4
451,309,4
451,360,2
451,362,1
451,363,6
451,385,2
451,394,1
451,482,2
451,511,1
451,548,7
451,551,3
451,553,25
452,37,1
452,170,1
452,183,1
452,251,1
452,276,3
452,278,1
452,284,1
452,383,1
452,476,1
452,493,1
452,499,1
452,503,1
452,556,15
454,2,1
454,4,1
454,21,4
454,34,1
454,46,2
454,140,1
454,188,1
454,221,1
454,227,1
454,241,4
454,264,1
454,273,5
454,310,1
454,317,1
454,388,1
454,431,1
454,548,5
454,553,24
455,541,1
455,546,8
455,555,6
456,18,1
456,37,1
456,48,2
456,52,3
456,120,2
456,134,1
456,218,1
456,263,1
456,276,1
456,282,1
456,316,1
456,353,1
456,481,1
456,541,1
456,546,51
456,555,13
457,550,1
459,41,1
459,49,3
459,65,3
459,69,38
459,71,58
459,73,7
459,98,2
459,104,1
459,115,19
459,148,2
459,151,4
459,173,14
459,187,4
459,305,1
459,332,7
459,341,1
459,352,2
459,358,5
459,382,1
459,446,1
459,474,28
459,519,7
459,532,4
459,537,1
459,538,1
459,544,5
459,550,53
460,66,7
460,79,1
460,97,5
460,135,1
460,158,4
460,176,1
460,197,1
460,203,1
460,204,2
460,220,1
460,227,2
460,234,1
460,273,1
460,287,2
460,331,1
460,355,1
460,425,1
460,469,1
460,505,1
460,545,6
460,551,48
460,557,2
461,143,1
461,270,1
461,555,7
462,66,3
462,158,1
462,506,1
462,551,3
463,42,1
463,62,12
463,87,3
463,107,1
463,112,3
463,223,1
463,251,6
463,276,6
463,284,1
463,478,1
463,485,1
463,493,2
463,503,4
463,554,3
463,556,29
465,53,1
465,158,1
465,227,1
465,425,1
465,551,17
466,326,1
466,501,1
466,555,1
467,281,1
467,541,1
467,546,2
467,555,13
468,7,6
468,16,2
468,18,16
468,35,1
468,37,1
468,48,6
468,54,7
468,70,1
468,134,11
468,149,1
468,195,1
468,270,1
468,284,1
468,327,5
468,343,1
468,396,1
468,398,1
468,399,1
468,406,1
468,417,1
468,419,1
468,456,5
468,472,1
468,523,1
468,541,3
468,546,14
468,547,1
468,555,34
469,56,1
469,66,1
469,97,1
469,130,1
469,287,1
469,390,1
469,433,1
469,438,1
469,545,3
469,551,22
470,16,1
470,35,1
470,54,2
470,153,2
470,270,1
470,396,1
470,456,5
470,515,2
470,530,1
470,541,5
470,555,13
471,7,8
471,18,5
471,29,1
471,37,1
471,48,5
471,54,8
471,70,5
471,87,1
471,132,1
471,134,14
471,143,9
471,152,1
471,153,16
471,177,11
471,195,1
471,211,1
471,218,1
471,251,4
471,258,1
471,270,3
471,281,31
471,282,1
471,287,3
471,326,1
471,327,1
471,337,1
471,343,1
471,353,3
471,396,7
471,419,2
471,437,1
471,456,11
471,471,1
471,472,1
471,476,1
471,484,2
471,489,1
471,491,1
471,501,12
471,503,1
471,508,1
471,510,4
471,515,12
471,518,8
471,521,3
471,530,3
471,541,39
471,546,149
471,555,340
472,7,6
472,16,1
472,18,6
472,29,2
472,48,1
472,62,1
472,87,2
472,112,4
472,132,1
472,134,4
472,139,4
472,143,8
472,153,5
472,169,1
472,195,1
472,251,6
472,270,2
472,272,5
472,281,1
472,282,2
472,326,1
472,327,9
472,337,1
472,343,3
472,375,1
472,395,1
472,396,2
472,399,1
472,409,1
472,417,2
472,428,7
472,429,3
472,456,7
472,471,4
472,472,2
472,484,1
472,485,1
472,491,1
472,501,2
472,515,3
472,530,4
472,541,7
472,555,21
474,32,1
474,45,2
474,49,1
474,65,2
474,69,8
474,71,6
474,98,1
474,115,1
474,148,1
474,151,1
474,305,1
474,332,1
474,341,1
474,377,2
474,382,1
474,426,2
474,474,2
474,519,1
474,537,2
474,544,5
474,550,36
475,396,3
475,399,1
475,475,1
475,481,1
475,546,8
475,555,23
476,23,1
476,42,2
476,62,11
476,82,2
476,99,1
476,103,1
476,107,4
476,112,2
476,152,3
476,170,1
476,178,1
476,185,1
476,192,1
476,194,1
476,197,9
476,233,2
476,251,30
476,258,4
476,266,1
476,276,18
476,277,2
476,319,3
476,336,1
476,343,1
476,383,1
476,463,4
476,476,9
476,478,7
476,481,2
476,484,2
476,486,1
476,488,2
476,499,1
476,503,21
476,517,8
476,535,1
476,554,18
476,556,31
477,2,6
477,4,2
477,19,1
477,21,13
477,34,1
477,39,1
477,46,3
477,74,2
477,105,8
477,126,1
477,140,2
477,152,1
477,185,4
477,196,7
477,220,1
477,221,1
477,241,22
477,245,1
477,264,2
477,273,5
477,279,3
477,296,19
477,301,1
477,309,22
477,310,10
477,317,8
477,333,1
477,360,3
477,362,2
477,363,3
477,385,8
477,454,3
477,477,8
477,504,3
477,512,2
477,539,1
477,548,12
477,553,107
478,57,2
478,62,2
478,82,1
478,112,1
478,141,1
478,157,1
478,177,1
478,180,1
478,199,1
478,223,1
478,233,1
478,251,12
478,276,17
478,278,1
478,343,2
478,385,3
478,476,4
478,485,4
478,493,1
478,517,1
478,554,2
478,556,29
479,14,15
479,25,1
479,47,2
479,78,4
479,84,4
479,86,4
479,118,1
479,127,1
479,137,2
479,144,1
479,152,25
479,182,4
479,194,1
479,220,3
479,225,2
479,248,10
479,252,3
479,253,2
479,256,1
479,265,1
479,267,30
479,271,1
479,307,3
479,329,14
479,343,3
479,344,1
479,361,12
479,372,1
479,397,1
479,400,1
479,411,1
479,436,2
479,479,3
479,493,1
479,497,2
479,513,1
479,530,1
479,549,6
479,552,61
480,4,2
480,78,1
480,121,1
480,127,3
480,137,3
480,152,3
480,199,1
480,206,1
480,220,3
480,256,2
480,267,1
480,343,3
480,353,1
480,372,2
480,394,3
480,549,4
480,552,35
481,28,1
481,42,4
481,62,13
481,68,1
481,87,1
481,141,2
481,180,2
481,233,1
481,251,2
481,258,3
481,276,16
481,284,3
481,383,1
481,443,2
481,463,2
481,478,1
481,488,1
481,493,1
481,503,5
481,554,28
481,556,64
482,2,3
482,21,2
482,34,6
482,46,6
482,60,1
482,79,1
482,105,3
482,126,3
482,140,2
482,221,3
482,241,19
482,264,3
482,273,2
482,279,2
482,296,2
482,301,1
482,309,1
482,310,10
482,317,26
482,360,4
482,362,1
482,363,2
482,367,7
482,385,31
482,388,1
482,451,1
482,477,2
482,504,1
482,539,2
482,548,11
482,553,41
484,48,2
484,94,1
484,103,8
484,134,7
484,143,3
484,153,3
484,178,2
484,185,1
484,195,3
484,251,1
484,270,3
484,273,1
484,277,1
484,281,2
484,287,1
484,313,1
484,448,6
484,456,3
484,471,2
484,476,2
484,515,4
484,530,4
484,541,7
484,546,6
484,555,3
485,62,1
485,82,1
485,107,1
485,112,2
485,170,1
485,177,1
485,199,2
485,228,1
485,276,1
485,330,1
485,383,1
485,396,1
485,409,1
485,478,3
485,481,1
485,499,1
485,503,1
485,517,2
485,535,1
485,554,23
485,556,3
486,47,1
486,62,3
486,107,1
486,170,2
486,197,2
486,199,3
486,233,1
486,237,1
486,251,2
486,255,1
486,276,3
486,278,1
486,383,1
486,418,1
486,452,1
486,481,1
486,485,1
486,499,2
486,500,1
486,503,1
486,517,4
486,554,24
486,556,27
487,487,1
487,545,1
487,551,2
488,62,1
488,63,1
488,87,1
488,141,1
488,180,1
488,197,1
488,251,3
488,276,5
488,343,1
488,383,1
488,463,2
488,486,1
488,493,1
488,503,1
488,556,18
489,18,1
489,177,1
489,396,1
489,456,1
489,501,1
489,530,1
489,546,1
489,555,7
491,18,1
491,54,2
491,134,4
491,153,5
491,326,1
491,361,1
491,491,1
491,515,1
491,531,1
491,546,58
491,555,170
492,42,1
492,62,7
492,107,1
492,149,1
492,164,1
492,199,1
492,228,1
492,276,30
492,383,1
492,453,1
492,485,2
492,486,2
492,499,1
492,503,2
492,517,2
492,554,4
492,556,30
493,23,2
493,62,7
493,87,1
493,152,1
493,199,2
493,223,1
493,251,1
493,258,1
493,276,9
493,296,6
493,361,1
493,463,1
493,486,1
493,517,1
493,554,4
493,556,48
494,22,1
494,158,2
494,204,1
494,227,2
494,311,2
494,323,1
494,355,2
494,533,1
494,551,5
495,20,2
495,130,1
495,135,1
495,308,1
495,425,1
495,543,1
495,545,1
495,551,3
495,557,1
496,14,1
496,118,1
496,123,2
496,127,1
496,248,2
496,256,1
496,322,1
496,353,1
496,513,1
496,549,3
496,552,13
497,47,1
497,55,1
497,121,1
497,127,1
497,220,2
497,248,3
497,256,3
497,263,1
497,267,1
497,277,1
497,361,3
497,497,1
497,549,1
497,552,3
498,546,1
499,10,1
499,23,1
499,62,6
499,82,2
499,87,2
499,99,1
499,107,1
499,112,3
499,164,2
499,197,3
499,233,4
499,251,8
499,266,4
499,276,14
499,278,1
499,284,5
499,330,2
499,336,1
499,409,1
499,463,2
499,476,2
499,478,1
499,488,1
499,493,1
499,499,1
499,503,7
499,554,6
499,556,24
500,62,1
500,237,1
500,251,2
500,258,1
500,276,4
500,278,1
500,284,2
500,336,3
500,383,1
500,386,1
500,554,2
500,556,11
501,547,1
501,555,3
502,14,1
502,86,1
502,123,1
502,127,1
502,130,1
502,152,1
502,182,1
502,220,5
502,248,3
502,252,3
502,267,4
502,334,1
502,497,2
502,502,3
502,549,6
502,552,28
503,28,1
503,42,4
503,62,1
503,82,2
503,87,2
503,112,1
503,153,1
503,164,1
503,197,11
503,233,2
503,251,23
503,258,5
503,276,9
503,278,1
503,406,2
503,409,1
503,456,1
503,463,6
503,476,5
503,478,2
503,481,1
503,517,1
503,554,5
503,556,36
504,2,1
504,34,6
504,39,1
504,46,2
504,58,8
504,61,1
504,77,1
504,83,1
504,116,1
504,127,1
504,177,1
504,191,2
504,221,13
504,241,1
504,269,1
504,273,2
504,286,1
504,296,1
504,300,2
504,301,10
504,317,9
504,363,1
504,367,4
504,504,40
504,512,3
504,539,2
504,548,6
504,553,18
505,53,1
505,66,4
505,79,1
505,97,4
505,130,1
505,178,6
505,204,1
505,227,1
505,232,1
505,256,1
505,263,1
505,287,1
505,295,1
505,297,3
505,331,1
505,392,2
505,395,1
505,421,3
505,425,2
505,438,1
505,506,2
505,528,1
505,543,1
505,545,5
505,551,36
505,557,1
506,22,2
506,38,1
506,131,1
506,203,3
506,390,1
506,425,1
506,545,1
506,551,11
508,54,1
508,369,1
508,555,1
510,14,1
510,35,1
510,54,1
510,62,1
510,149,1
510,218,1
510,251,2
510,258,1
510,281,1
510,396,11
510,405,1
510,541,1
510,555,39
511,296,11
512,21,31
512,34,1
512,46,1
512,74,24
512,77,6
512,95,9
512,105,9
512,116,1
512,126,1
512,140,1
512,147,2
512,191,8
512,241,4
512,273,3
512,296,5
512,309,25
512,310,1
512,333,7
512,335,10
512,360,3
512,362,3
512,363,10
512,367,2
512,431,1
512,477,3
512,482,1
512,504,1
512,511,31
512,512,13
512,539,1
512,548,2
512,553,66
513,13,1
513,14,2
513,47,2
513,86,1
513,127,5
513,144,1
513,152,2
513,194,1
513,220,2
513,248,4
513,252,3
513,253,3
513,256,1
513,343,2
513,353,2
513,496,1
513,497,1
513,513,2
513,549,1
513,552,39
515,7,9
515,16,3
515,18,10
515,37,2
515,48,11
515,54,2
515,103,1
515,112,1
515,113,1
515,127,1
515,132,5
515,134,2
515,143,9
515,149,2
515,176,2
515,194,1
515,195,6
515,251,3
515,258,2
515,263,1
515,270,1
515,281,5
515,287,6
515,322,2
515,327,3
515,353,1
515,396,9
515,419,1
515,429,2
515,437,2
515,448,1
515,456,14
515,471,5
515,472,1
515,484,5
515,489,1
515,501,2
515,503,2
515,515,1
515,517,1
515,530,3
515,531,2
515,541,23
515,546,51
515,547,7
515,555,81
516,18,3
516,37,3
516,54,2
516,70,1
516,132,1
516,134,1
516,143,1
516,153,3
516,168,2
516,270,1
516,281,1
516,286,2
516,326,1
516,327,3
516,380,1
516,437,4
516,456,1
516,466,1
516,467,1
516,472,1
516,489,1
516,491,1
516,501,1
516,518,1
516,523,2
516,530,1
516,541,6
516,546,7
516,555,27
517,28,1
517,42,3
517,62,25
517,82,3
517,87,7
517,99,1
517,103,1
517,107,2
517,112,2
517,139,1
517,141,1
517,178,1
517,197,4
517,199,1
517,233,8
517,251,16
517,258,10
517,272,1
517,276,34
517,284,4
517,296,1
517,319,1
517,336,5
517,343,1
517,383,5
517,395,1
517,406,1
517,456,1
517,463,6
517,476,14
517,478,1
517,481,4
517,485,3
517,486,3
517,500,1
517,503,17
517,554,9
517,556,28
518,281,2
518,541,2
518,546,3
518,555,11
519,550,13
521,134,1
521,177,1
521,211,1
521,369,1
521,396,1
521,546,10
521,555,15
522,79,1
522,103,2
522,125,1
522,178,2
522,543,2
522,551,2
522,557,2
523,48,1
523,54,1
523,270,1
523,546,5
523,547,29
523,555,123
525,16,1
525,37,1
525,62,1
525,134,1
525,139,2
525,143,2
525,153,2
525,168,1
525,195,1
525,251,2
525,276,1
525,281,1
525,327,1
525,396,1
525,437,2
525,456,5
525,472,2
525,475,1
525,501,1
525,515,3
525,530,1
525,541,7
525,546,1
525,547,1
525,555,5
526,21,16
526,140,2
526,241,8
526,279,3
526,309,8
526,385,1
526,511,5
526,548,3
526,553,49
527,5,1
527,10,1
527,27,1
527,42,1
527,57,1
527,141,1
527,169,1
527,223,1
527,258,1
527,276,3
527,436,1
527,452,1
527,485,1
527,556,6
528,158,1
529,45,2
529,49,1
529,59,1
529,69,5
529,71,2
529,73,2
529,114,1
529,332,1
529,341,1
529,358,1
529,364,1
529,377,1
529,426,1
529,474,1
529,519,3
529,544,2
529,550,7
530,396,1
530,429,1
530,530,1
530,541,1
530,546,2
530,555,1
531,14,1
531,54,1
531,189,1
531,195,1
531,270,1
531,396,3
531,484,1
531,501,1
531,518,1
531,521,1
531,531,1
531,541,3
531,546,17
531,555,5
532,377,1
532,550,2
533,9,5
533,20,2
533,22,4
533,35,1
533,111,3
533,130,2
533,131,1
533,150,3
533,158,9
533,178,1
533,203,6
533,227,12
533,232,2
533,287,17
533,295,1
533,297,5
533,308,1
533,323,1
533,331,2
533,347,1
533,390,1
533,391,3
533,395,7
533,421,1
533,425,10
533,434,1
533,438,2
533,439,3
533,440,2
533,460,1
533,528,1
533,543,2
533,545,49
533,551,257
533,557,21
535,16,1
535,43,2
535,62,8
535,82,1
535,87,2
535,107,1
535,157,4
535,169,3
535,170,1
535,180,3
535,189,2
535,251,6
535,276,1
535,284,1
535,294,1
535,383,3
535,406,2
535,409,2
535,463,1
535,476,3
535,485,1
535,488,1
535,493,2
535,503,3
535,517,4
535,554,6
535,556,28
537,332,3
537,341,1
537,474,2
537,497,1
537,550,6
538,71,1
538,92,10
538,129,1
538,426,13
538,538,1
538,550,44
539,46,1
539,58,2
539,317,1
539,388,2
539,548,1
540,127,1
540,552,3
541,48,2
541,54,5
541,132,1
541,134,1
541,143,2
541,153,1
541,195,1
541,251,3
541,281,1
541,337,1
541,343,1
541,456,3
541,530,1
541,531,1
541,541,3
541,546,66
541,555,4
543,79,1
543,178,1
543,298,1
543,311,1
543,545,1
543,551,4
544,24,2
544,45,195
544,49,5
544,69,207
544,71,3
544,98,4
544,115,20
544,129,2
544,148,27
544,154,1
544,173,1
544,187,15
544,198,1
544,215,1
544,332,3
544,377,30
544,425,1
544,474,21
544,519,24
544,538,12
544,544,2
544,550,57
545,9,13
545,20,2
545,22,17
545,38,3
545,53,13
545,66,14
545,79,13
545,81,2
545,97,125
545,103,1
545,111,1
545,125,3
545,130,6
545,131,11
545,135,4
545,145,1
545,150,1
545,158,71
545,178,1
545,201,1
545,203,5
545,204,3
545,222,14
545,227,137
545,232,1
545,234,18
545,240,6
545,263,15
545,274,2
545,287,184
545,288,1
545,295,6
545,297,129
545,311,1
545,313,1
545,320,7
545,323,2
545,331,10
545,339,6
545,355,3
545,365,2
545,374,15
545,376,2
545,389,2
545,390,5
545,392,2
545,395,66
545,403,1
545,421,14
545,425,32
545,430,1
545,434,3
545,438,6
545,441,1
545,460,1
545,469,1
545,487,3
545,505,1
545,506,12
545,528,1
545,533,9
545,543,9
545,545,5
545,551,602
545,554,1
545,557,155
546,7,1
546,18,1
546,48,1
546,54,3
546,139,2
546,177,1
546,281,1
546,456,2
546,510,1
546,515,2
546,518,1
546,521,2
546,541,63
546,546,1
546,547,1
546,555,17
547,143,18
547,272,1
547,282,1
547,501,2
548,2,4
548,4,1
548,19,2
548,21,172
548,34,11
548,39,3
548,46,4
548,58,12
548,74,3
548,83,1
548,105,1
548,126,6
548,140,28
548,147,1
548,185,1
548,221,295
548,241,17
548,264,35
548,269,1
548,273,7
548,279,2
548,296,13
548,301,5
548,309,91
548,310,3
548,317,11
548,333,1
548,360,3
548,362,2
548,363,12
548,367,21
548,385,36
548,388,307
548,454,2
548,477,3
548,482,1
548,504,1
548,511,42
548,526,2
548,553,115
549,14,73
549,47,1
549,78,1
549,86,1
549,121,1
549,127,1
549,152,3
549,194,1
549,248,2
549,252,1
549,256,1
549,267,1
549,343,1
549,353,1
549,361,2
549,552,9
550,24,1
550,32,1
550,45,1
550,49,3
550,69,1
550,71,5
550,104,2
550,148,2
550,187,1
550,242,1
550,332,2
550,377,1
550,459,1
550,474,6
550,519,31
551,9,19
551,12,3
551,20,15
551,22,69
551,38,6
551,53,26
551,56,5
551,66,18
551,79,36
551,81,8
551,97,43
551,100,5
551,103,9
551,109,1
551,125,6
551,130,52
551,131,18
551,135,11
551,145,4
551,150,5
551,158,42
551,178,13
551,201,7
551,202,7
551,203,18
551,204,12
551,210,2
551,222,13
551,227,32
551,232,8
551,234,21
551,240,10
551,263,14
551,274,25
551,287,127
551,295,11
551,297,256
551,298,4
551,300,10
551,308,8
551,311,8
551,313,5
551,320,16
551,323,10
551,331,14
551,339,13
551,347,3
551,354,2
551,355,16
551,365,5
551,374,22
551,375,1
551,376,2
551,381,1
551,389,8
551,390,24
551,391,2
551,392,15
551,393,5
551,395,55
551,403,4
551,404,2
551,412,1
551,421,36
551,425,109
551,430,2
551,433,3
551,434,15
551,438,42
551,439,2
551,440,2
551,441,5
551,460,7
551,462,2
551,465,8
551,469,5
551,487,7
551,494,1
551,495,6
551,505,8
551,506,51
551,522,2
551,528,4
551,533,37
551,543,37
551,545,7
551,551,6
551,557,40
552,13,4
552,14,1
552,25,3
552,26,2
552,47,7
552,55,7
552,68,6
552,78,7
552,84,13
552,86,9
552,118,11
552,121,25
552,123,3
552,127,104
552,137,1
552,152,71
552,182,6
552,188,1
552,194,7
552,206,6
552,212,2
552,216,2
552,220,31
552,225,17
552,248,28
552,252,6
552,253,7
552,256,26
552,257,1
552,267,53
552,271,2
552,277,4
552,307,20
552,329,3
552,334,4
552,343,38
552,344,12
552,353,35
552,361,16
552,372,18
552,394,8
552,405,7
552,411,20
552,423,1
552,436,21
552,479,1
552,480,9
552,496,2
552,497,7
552,502,3
552,513,3
552,552,3
553,2,64
553,4,71
553,19,43
553,21,543
553,34,39
553,39,17
553,46,118
553,58,29
553,60,20
553,67,3
553,74,125
553,77,27
553,83,35
553,95,49
553,105,134
553,116,14
553,126,123
553,127,1
553,140,82
553,147,73
553,169,2
553,185,73
553,191,78
553,196,38
553,221,34
553,241,261
553,245,9
553,264,151
553,269,18
553,273,163
553,279,110
553,296,518
553,301,43
553,309,146
553,310,75
553,317,107
553,333,76
553,335,36
553,360,94
553,362,69
553,363,135
553,367,23
553,385,155
553,388,15
553,431,48
553,451,48
553,454,123
553,477,97
553,480,1
553,482,31
553,504,9
553,511,152
553,512,45
553,526,31
553,539,15
553,553,1
554,23,1
554,42,4
554,62,201
554,76,1
554,82,6
554,87,27
554,99,1
554,107,4
554,112,15
554,141,2
554,157,1
554,169,1
554,170,3
554,174,4
554,180,11
554,197,5
554,199,3
554,223,2
554,228,3
554,230,1
554,233,11
554,237,5
554,251,30
554,258,39
554,276,413
554,278,3
554,284,13
554,293,1
554,330,4
554,383,5
554,418,1
554,453,18
554,463,136
554,476,70
554,478,2
554,481,151
554,485,76
554,486,44
554,488,1
554,493,7
554,503,33
554,517,4
554,556,188
555,1,3
555,7,6
555,16,4
555,18,23
555,29,2
555,33,1
555,35,30
555,36,23
555,37,4
555,48,5
555,52,2
555,54,94
555,70,19
555,88,2
555,94,26
555,106,1
555,110,5
555,113,2
555,120,5
555,132,47
555,134,47
555,136,4
555,139,1
555,143,20
555,149,74
555,153,71
555,159,6
555,160,4
555,168,14
555,176,8
555,177,35
555,195,10
555,211,60
555,213,2
555,218,25
555,229,1
555,231,3
555,249,3
555,254,1
555,270,129
555,272,14
555,281,84
555,282,21
555,286,2
555,292,2
555,302,1
555,316,7
555,326,13
555,327,12
555,337,21
555,356,1
555,359,3
555,368,1
555,369,20
555,396,7
555,398,2
555,399,31
555,417,4
555,419,30
555,428,5
555,429,23
555,432,2
555,437,7
555,445,2
555,448,13
555,455,29
555,456,13
555,461,2
555,464,3
555,466,4
555,467,5
555,468,9
555,470,10
555,471,84
555,472,3
555,475,2
555,484,1
555,489,8
555,491,12
555,501,56
555,510,38
555,515,22
555,516,9
555,518,15
555,521,18
555,523,39
555,530,32
555,531,31
555,541,52
555,546,93
555,547,1
555,555,23
556,5,16
556,10,10
556,23,10
556,27,4
556,28,23
556,42,16
556,43,7
556,62,76
556,76,4
556,82,16
556,87,41
556,89,5
556,97,1
556,99,7
556,107,31
556,112,6
556,141,14
556,157,4
556,164,4
556,169,8
556,170,11
556,174,4
556,178,1
556,180,19
556,183,11
556,189,3
556,192,2
556,197,50
556,199,23
556,223,17
556,227,1
556,228,20
556,230,1
556,233,12
556,237,5
556,251,70
556,255,3
556,256,1
556,258,43
556,266,10
556,276,29
556,278,8
556,284,31
556,293,1
556,294,1
556,296,1
556,319,5
556,330,10
556,336,6
556,383,26
556,386,5
556,406,26
556,409,8
556,418,4
556,443,7
556,450,1
556,452,1
556,453,5
556,463,34
556,476,24
556,478,47
556,481,25
556,485,5
556,486,6
556,488,24
556,493,23
556,499,16
556,500,15
556,503,18
556,517,15
556,527,9
556,535,1
556,552,1
556,556,2
557,9,1
557,178,1
557,545,8
557,551,2
